year,month,day_of_month,day_of_week,hebrew_date,percent_business_day,events,branch_name,branch_owner,branch_settlement,meteorological_station_id,percent_age_0_5,percent_age_6_18,percent_age_19_45,percent_age_46_55,percent_age_56_64,percent_age_65_plus,percent_jews,percent_arabs,percent_others,flavor,weight_kg
2022,9,25,1,כ״ט באלול ה'תשפ״ב,0.5,ערב ראש השנה,הגלידריה של אסתר,אסתר,אריאל,21,6.7,18.3,35.3,12.1,10.8,16.9,78.2,2.9,18.9,שוקולד,31.9
2022,9,25,1,כ״ט באלול ה'תשפ״ב,0.5,ערב ראש השנה,הגלידריה של אסתר,אסתר,אריאל,21,6.7,18.3,35.3,12.1,10.8,16.9,78.2,2.9,18.9,וניל,5.9
2022,9,25,1,כ״ט באלול ה'תשפ״ב,0.5,ערב ראש השנה,הגלידריה של אסתר,אסתר,אריאל,21,6.7,18.3,35.3,12.1,10.8,16.9,78.2,2.9,18.9,תות,12.2
2022,9,25,1,כ״ט באלול ה'תשפ״ב,0.5,ערב ראש השנה,הגלידריה של אסתר,אסתר,אריאל,21,6.7,18.3,35.3,12.1,10.8,16.9,78.2,2.9,18.9,בננה,13.6
2022,9,25,1,כ״ט באלול ה'תשפ״ב,0.5,ערב ראש השנה,הגלידריה של אסתר,אסתר,אריאל,21,6.7,18.3,35.3,12.1,10.8,16.9,78.2,2.9,18.9,פיסטוק,28.7
2022,9,25,1,כ״ט באלול ה'תשפ״ב,0.5,ערב ראש השנה,הגלידריה של הלל,הלל,הרצלייה,178,6.6,16.4,32.5,13,9,22.6,94.9,0.2,4.9,שוקולד,43.6
2022,9,25,1,כ״ט באלול ה'תשפ״ב,0.5,ערב ראש השנה,הגלידריה של הלל,הלל,הרצלייה,178,6.6,16.4,32.5,13,9,22.6,94.9,0.2,4.9,וניל,3.8
2022,9,25,1,כ״ט באלול ה'תשפ״ב,0.5,ערב ראש השנה,הגלידריה של הלל,הלל,הרצלייה,178,6.6,16.4,32.5,13,9,22.6,94.9,0.2,4.9,תות,36.7
2022,9,25,1,כ״ט באלול ה'תשפ״ב,0.5,ערב ראש השנה,הגלידריה של הלל,הלל,הרצלייה,178,6.6,16.4,32.5,13,9,22.6,94.9,0.2,4.9,בננה,2.5
2022,9,25,1,כ״ט באלול ה'תשפ״ב,0.5,ערב ראש השנה,הגלידריה של הלל,הלל,הרצלייה,178,6.6,16.4,32.5,13,9,22.6,94.9,0.2,4.9,פיסטוק,13.3
2022,9,25,1,כ״ט באלול ה'תשפ״ב,0.5,ערב ראש השנה,הגלידריה של תחיה,תחיה,תל אביב -יפו,178,6,12.9,39.3,12.5,8.8,20.5,89.8,4.8,5.4,שוקולד,35.8
2022,9,25,1,כ״ט באלול ה'תשפ״ב,0.5,ערב ראש השנה,הגלידריה של תחיה,תחיה,תל אביב -יפו,178,6,12.9,39.3,12.5,8.8,20.5,89.8,4.8,5.4,וניל,35.5
2022,9,25,1,כ״ט באלול ה'תשפ״ב,0.5,ערב ראש השנה,הגלידריה של תחיה,תחיה,תל אביב -יפו,178,6,12.9,39.3,12.5,8.8,20.5,89.8,4.8,5.4,תות,28.8
2022,9,25,1,כ״ט באלול ה'תשפ״ב,0.5,ערב ראש השנה,הגלידריה של תחיה,תחיה,תל אביב -יפו,178,6,12.9,39.3,12.5,8.8,20.5,89.8,4.8,5.4,בננה,1.9
2022,9,25,1,כ״ט באלול ה'תשפ״ב,0.5,ערב ראש השנה,הגלידריה של תחיה,תחיה,תל אביב -יפו,178,6,12.9,39.3,12.5,8.8,20.5,89.8,4.8,5.4,פיסטוק,20.4
2022,9,26,2,א׳ בתשרי ה'תשפ״ג,0,ראש השנה 5783,הגלידריה של אסתר,אסתר,אריאל,21,6.7,18.3,35.3,12.1,10.8,16.9,78.2,2.9,18.9,שוקולד,0
2022,9,26,2,א׳ בתשרי ה'תשפ״ג,0,ראש השנה 5783,הגלידריה של אסתר,אסתר,אריאל,21,6.7,18.3,35.3,12.1,10.8,16.9,78.2,2.9,18.9,וניל,0
2022,9,26,2,א׳ בתשרי ה'תשפ״ג,0,ראש השנה 5783,הגלידריה של אסתר,אסתר,אריאל,21,6.7,18.3,35.3,12.1,10.8,16.9,78.2,2.9,18.9,תות,0
2022,9,26,2,א׳ בתשרי ה'תשפ״ג,0,ראש השנה 5783,הגלידריה של אסתר,אסתר,אריאל,21,6.7,18.3,35.3,12.1,10.8,16.9,78.2,2.9,18.9,בננה,0
2022,9,26,2,א׳ בתשרי ה'תשפ״ג,0,ראש השנה 5783,הגלידריה של אסתר,אסתר,אריאל,21,6.7,18.3,35.3,12.1,10.8,16.9,78.2,2.9,18.9,פיסטוק,0
2022,9,26,2,א׳ בתשרי ה'תשפ״ג,0,ראש השנה 5783,הגלידריה של הלל,הלל,הרצלייה,178,6.6,16.4,32.5,13,9,22.6,94.9,0.2,4.9,שוקולד,0
2022,9,26,2,א׳ בתשרי ה'תשפ״ג,0,ראש השנה 5783,הגלידריה של הלל,הלל,הרצלייה,178,6.6,16.4,32.5,13,9,22.6,94.9,0.2,4.9,וניל,0
2022,9,26,2,א׳ בתשרי ה'תשפ״ג,0,ראש השנה 5783,הגלידריה של הלל,הלל,הרצלייה,178,6.6,16.4,32.5,13,9,22.6,94.9,0.2,4.9,תות,0
2022,9,26,2,א׳ בתשרי ה'תשפ״ג,0,ראש השנה 5783,הגלידריה של הלל,הלל,הרצלייה,178,6.6,16.4,32.5,13,9,22.6,94.9,0.2,4.9,בננה,0
2022,9,26,2,א׳ בתשרי ה'תשפ״ג,0,ראש השנה 5783,הגלידריה של הלל,הלל,הרצלייה,178,6.6,16.4,32.5,13,9,22.6,94.9,0.2,4.9,פיסטוק,0
2022,9,26,2,א׳ בתשרי ה'תשפ״ג,0,ראש השנה 5783,הגלידריה של תחיה,תחיה,תל אביב -יפו,178,6,12.9,39.3,12.5,8.8,20.5,89.8,4.8,5.4,שוקולד,0
2022,9,26,2,א׳ בתשרי ה'תשפ״ג,0,ראש השנה 5783,הגלידריה של תחיה,תחיה,תל אביב -יפו,178,6,12.9,39.3,12.5,8.8,20.5,89.8,4.8,5.4,וניל,0
2022,9,26,2,א׳ בתשרי ה'תשפ״ג,0,ראש השנה 5783,הגלידריה של תחיה,תחיה,תל אביב -יפו,178,6,12.9,39.3,12.5,8.8,20.5,89.8,4.8,5.4,תות,0
2022,9,26,2,א׳ בתשרי ה'תשפ״ג,0,ראש השנה 5783,הגלידריה של תחיה,תחיה,תל אביב -יפו,178,6,12.9,39.3,12.5,8.8,20.5,89.8,4.8,5.4,בננה,0
2022,9,26,2,א׳ בתשרי ה'תשפ״ג,0,ראש השנה 5783,הגלידריה של תחיה,תחיה,תל אביב -יפו,178,6,12.9,39.3,12.5,8.8,20.5,89.8,4.8,5.4,פיסטוק,0
2022,9,27,3,ב׳ בתשרי ה'תשפ״ג,0,ראש השנה ב׳,הגלידריה של אסתר,אסתר,אריאל,21,6.7,18.3,35.3,12.1,10.8,16.9,78.2,2.9,18.9,שוקולד,0
2022,9,27,3,ב׳ בתשרי ה'תשפ״ג,0,ראש השנה ב׳,הגלידריה של אסתר,אסתר,אריאל,21,6.7,18.3,35.3,12.1,10.8,16.9,78.2,2.9,18.9,וניל,0
2022,9,27,3,ב׳ בתשרי ה'תשפ״ג,0,ראש השנה ב׳,הגלידריה של אסתר,אסתר,אריאל,21,6.7,18.3,35.3,12.1,10.8,16.9,78.2,2.9,18.9,תות,0
2022,9,27,3,ב׳ בתשרי ה'תשפ״ג,0,ראש השנה ב׳,הגלידריה של אסתר,אסתר,אריאל,21,6.7,18.3,35.3,12.1,10.8,16.9,78.2,2.9,18.9,בננה,0
2022,9,27,3,ב׳ בתשרי ה'תשפ״ג,0,ראש השנה ב׳,הגלידריה של אסתר,אסתר,אריאל,21,6.7,18.3,35.3,12.1,10.8,16.9,78.2,2.9,18.9,פיסטוק,0
2022,9,27,3,ב׳ בתשרי ה'תשפ״ג,0,ראש השנה ב׳,הגלידריה של הלל,הלל,הרצלייה,178,6.6,16.4,32.5,13,9,22.6,94.9,0.2,4.9,שוקולד,0
2022,9,27,3,ב׳ בתשרי ה'תשפ״ג,0,ראש השנה ב׳,הגלידריה של הלל,הלל,הרצלייה,178,6.6,16.4,32.5,13,9,22.6,94.9,0.2,4.9,וניל,0
2022,9,27,3,ב׳ בתשרי ה'תשפ״ג,0,ראש השנה ב׳,הגלידריה של הלל,הלל,הרצלייה,178,6.6,16.4,32.5,13,9,22.6,94.9,0.2,4.9,תות,0
2022,9,27,3,ב׳ בתשרי ה'תשפ״ג,0,ראש השנה ב׳,הגלידריה של הלל,הלל,הרצלייה,178,6.6,16.4,32.5,13,9,22.6,94.9,0.2,4.9,בננה,0
2022,9,27,3,ב׳ בתשרי ה'תשפ״ג,0,ראש השנה ב׳,הגלידריה של הלל,הלל,הרצלייה,178,6.6,16.4,32.5,13,9,22.6,94.9,0.2,4.9,פיסטוק,0
2022,9,27,3,ב׳ בתשרי ה'תשפ״ג,0,ראש השנה ב׳,הגלידריה של תחיה,תחיה,תל אביב -יפו,178,6,12.9,39.3,12.5,8.8,20.5,89.8,4.8,5.4,שוקולד,0
2022,9,27,3,ב׳ בתשרי ה'תשפ״ג,0,ראש השנה ב׳,הגלידריה של תחיה,תחיה,תל אביב -יפו,178,6,12.9,39.3,12.5,8.8,20.5,89.8,4.8,5.4,וניל,0
2022,9,27,3,ב׳ בתשרי ה'תשפ״ג,0,ראש השנה ב׳,הגלידריה של תחיה,תחיה,תל אביב -יפו,178,6,12.9,39.3,12.5,8.8,20.5,89.8,4.8,5.4,תות,0
2022,9,27,3,ב׳ בתשרי ה'תשפ״ג,0,ראש השנה ב׳,הגלידריה של תחיה,תחיה,תל אביב -יפו,178,6,12.9,39.3,12.5,8.8,20.5,89.8,4.8,5.4,בננה,0
2022,9,27,3,ב׳ בתשרי ה'תשפ״ג,0,ראש השנה ב׳,הגלידריה של תחיה,תחיה,תל אביב -יפו,178,6,12.9,39.3,12.5,8.8,20.5,89.8,4.8,5.4,פיסטוק,0
2022,9,28,4,ג׳ בתשרי ה'תשפ״ג,1,צום גדליה,הגלידריה של אסתר,אסתר,אריאל,21,6.7,18.3,35.3,12.1,10.8,16.9,78.2,2.9,18.9,שוקולד,14.2
2022,9,28,4,ג׳ בתשרי ה'תשפ״ג,1,צום גדליה,הגלידריה של אסתר,אסתר,אריאל,21,6.7,18.3,35.3,12.1,10.8,16.9,78.2,2.9,18.9,וניל,92
2022,9,28,4,ג׳ בתשרי ה'תשפ״ג,1,צום גדליה,הגלידריה של אסתר,אסתר,אריאל,21,6.7,18.3,35.3,12.1,10.8,16.9,78.2,2.9,18.9,תות,63
2022,9,28,4,ג׳ בתשרי ה'תשפ״ג,1,צום גדליה,הגלידריה של אסתר,אסתר,אריאל,21,6.7,18.3,35.3,12.1,10.8,16.9,78.2,2.9,18.9,בננה,97.9
2022,9,28,4,ג׳ בתשרי ה'תשפ״ג,1,צום גדליה,הגלידריה של אסתר,אסתר,אריאל,21,6.7,18.3,35.3,12.1,10.8,16.9,78.2,2.9,18.9,פיסטוק,83.3
2022,9,28,4,ג׳ בתשרי ה'תשפ״ג,1,צום גדליה,הגלידריה של הלל,הלל,הרצלייה,178,6.6,16.4,32.5,13,9,22.6,94.9,0.2,4.9,שוקולד,32.5
2022,9,28,4,ג׳ בתשרי ה'תשפ״ג,1,צום גדליה,הגלידריה של הלל,הלל,הרצלייה,178,6.6,16.4,32.5,13,9,22.6,94.9,0.2,4.9,וניל,60.8
2022,9,28,4,ג׳ בתשרי ה'תשפ״ג,1,צום גדליה,הגלידריה של הלל,הלל,הרצלייה,178,6.6,16.4,32.5,13,9,22.6,94.9,0.2,4.9,תות,89.3
2022,9,28,4,ג׳ בתשרי ה'תשפ״ג,1,צום גדליה,הגלידריה של הלל,הלל,הרצלייה,178,6.6,16.4,32.5,13,9,22.6,94.9,0.2,4.9,בננה,88.1
2022,9,28,4,ג׳ בתשרי ה'תשפ״ג,1,צום גדליה,הגלידריה של הלל,הלל,הרצלייה,178,6.6,16.4,32.5,13,9,22.6,94.9,0.2,4.9,פיסטוק,76.6
2022,9,28,4,ג׳ בתשרי ה'תשפ״ג,1,צום גדליה,הגלידריה של תחיה,תחיה,תל אביב -יפו,178,6,12.9,39.3,12.5,8.8,20.5,89.8,4.8,5.4,שוקולד,4.1
2022,9,28,4,ג׳ בתשרי ה'תשפ״ג,1,צום גדליה,הגלידריה של תחיה,תחיה,תל אביב -יפו,178,6,12.9,39.3,12.5,8.8,20.5,89.8,4.8,5.4,וניל,75.4
2022,9,28,4,ג׳ בתשרי ה'תשפ״ג,1,צום גדליה,הגלידריה של תחיה,תחיה,תל אביב -יפו,178,6,12.9,39.3,12.5,8.8,20.5,89.8,4.8,5.4,תות,40.1
2022,9,28,4,ג׳ בתשרי ה'תשפ״ג,1,צום גדליה,הגלידריה של תחיה,תחיה,תל אביב -יפו,178,6,12.9,39.3,12.5,8.8,20.5,89.8,4.8,5.4,בננה,48.1
2022,9,28,4,ג׳ בתשרי ה'תשפ״ג,1,צום גדליה,הגלידריה של תחיה,תחיה,תל אביב -יפו,178,6,12.9,39.3,12.5,8.8,20.5,89.8,4.8,5.4,פיסטוק,64.2
2022,9,29,5,ד׳ בתשרי ה'תשפ״ג,1,,הגלידריה של אסתר,אסתר,אריאל,21,6.7,18.3,35.3,12.1,10.8,16.9,78.2,2.9,18.9,שוקולד,55.1
2022,9,29,5,ד׳ בתשרי ה'תשפ״ג,1,,הגלידריה של אסתר,אסתר,אריאל,21,6.7,18.3,35.3,12.1,10.8,16.9,78.2,2.9,18.9,וניל,0.7
2022,9,29,5,ד׳ בתשרי ה'תשפ״ג,1,,הגלידריה של אסתר,אסתר,אריאל,21,6.7,18.3,35.3,12.1,10.8,16.9,78.2,2.9,18.9,תות,48.9
2022,9,29,5,ד׳ בתשרי ה'תשפ״ג,1,,הגלידריה של אסתר,אסתר,אריאל,21,6.7,18.3,35.3,12.1,10.8,16.9,78.2,2.9,18.9,בננה,52.3
2022,9,29,5,ד׳ בתשרי ה'תשפ״ג,1,,הגלידריה של אסתר,אסתר,אריאל,21,6.7,18.3,35.3,12.1,10.8,16.9,78.2,2.9,18.9,פיסטוק,40.5
2022,9,29,5,ד׳ בתשרי ה'תשפ״ג,1,,הגלידריה של הלל,הלל,הרצלייה,178,6.6,16.4,32.5,13,9,22.6,94.9,0.2,4.9,שוקולד,50.9
2022,9,29,5,ד׳ בתשרי ה'תשפ״ג,1,,הגלידריה של הלל,הלל,הרצלייה,178,6.6,16.4,32.5,13,9,22.6,94.9,0.2,4.9,וניל,4.3
2022,9,29,5,ד׳ בתשרי ה'תשפ״ג,1,,הגלידריה של הלל,הלל,הרצלייה,178,6.6,16.4,32.5,13,9,22.6,94.9,0.2,4.9,תות,30.2
2022,9,29,5,ד׳ בתשרי ה'תשפ״ג,1,,הגלידריה של הלל,הלל,הרצלייה,178,6.6,16.4,32.5,13,9,22.6,94.9,0.2,4.9,בננה,48.9
2022,9,29,5,ד׳ בתשרי ה'תשפ״ג,1,,הגלידריה של הלל,הלל,הרצלייה,178,6.6,16.4,32.5,13,9,22.6,94.9,0.2,4.9,פיסטוק,60.7
2022,9,29,5,ד׳ בתשרי ה'תשפ״ג,1,,הגלידריה של תחיה,תחיה,תל אביב -יפו,178,6,12.9,39.3,12.5,8.8,20.5,89.8,4.8,5.4,שוקולד,6
2022,9,29,5,ד׳ בתשרי ה'תשפ״ג,1,,הגלידריה של תחיה,תחיה,תל אביב -יפו,178,6,12.9,39.3,12.5,8.8,20.5,89.8,4.8,5.4,וניל,1
2022,9,29,5,ד׳ בתשרי ה'תשפ״ג,1,,הגלידריה של תחיה,תחיה,תל אביב -יפו,178,6,12.9,39.3,12.5,8.8,20.5,89.8,4.8,5.4,תות,26.3
2022,9,29,5,ד׳ בתשרי ה'תשפ״ג,1,,הגלידריה של תחיה,תחיה,תל אביב -יפו,178,6,12.9,39.3,12.5,8.8,20.5,89.8,4.8,5.4,בננה,68.8
2022,9,29,5,ד׳ בתשרי ה'תשפ״ג,1,,הגלידריה של תחיה,תחיה,תל אביב -יפו,178,6,12.9,39.3,12.5,8.8,20.5,89.8,4.8,5.4,פיסטוק,29.6
2022,9,30,6,ה׳ בתשרי ה'תשפ״ג,0.5,,הגלידריה של אסתר,אסתר,אריאל,21,6.7,18.3,35.3,12.1,10.8,16.9,78.2,2.9,18.9,שוקולד,43.6
2022,9,30,6,ה׳ בתשרי ה'תשפ״ג,0.5,,הגלידריה של אסתר,אסתר,אריאל,21,6.7,18.3,35.3,12.1,10.8,16.9,78.2,2.9,18.9,וניל,39.2
2022,9,30,6,ה׳ בתשרי ה'תשפ״ג,0.5,,הגלידריה של אסתר,אסתר,אריאל,21,6.7,18.3,35.3,12.1,10.8,16.9,78.2,2.9,18.9,תות,3.4
2022,9,30,6,ה׳ בתשרי ה'תשפ״ג,0.5,,הגלידריה של אסתר,אסתר,אריאל,21,6.7,18.3,35.3,12.1,10.8,16.9,78.2,2.9,18.9,בננה,24.4
2022,9,30,6,ה׳ בתשרי ה'תשפ״ג,0.5,,הגלידריה של אסתר,אסתר,אריאל,21,6.7,18.3,35.3,12.1,10.8,16.9,78.2,2.9,18.9,פיסטוק,44.2
2022,9,30,6,ה׳ בתשרי ה'תשפ״ג,0.5,,הגלידריה של הלל,הלל,הרצלייה,178,6.6,16.4,32.5,13,9,22.6,94.9,0.2,4.9,שוקולד,35.6
2022,9,30,6,ה׳ בתשרי ה'תשפ״ג,0.5,,הגלידריה של הלל,הלל,הרצלייה,178,6.6,16.4,32.5,13,9,22.6,94.9,0.2,4.9,וניל,7.2
2022,9,30,6,ה׳ בתשרי ה'תשפ״ג,0.5,,הגלידריה של הלל,הלל,הרצלייה,178,6.6,16.4,32.5,13,9,22.6,94.9,0.2,4.9,תות,2
2022,9,30,6,ה׳ בתשרי ה'תשפ״ג,0.5,,הגלידריה של הלל,הלל,הרצלייה,178,6.6,16.4,32.5,13,9,22.6,94.9,0.2,4.9,בננה,33.7
2022,9,30,6,ה׳ בתשרי ה'תשפ״ג,0.5,,הגלידריה של הלל,הלל,הרצלייה,178,6.6,16.4,32.5,13,9,22.6,94.9,0.2,4.9,פיסטוק,20.6
2022,9,30,6,ה׳ בתשרי ה'תשפ״ג,0.5,,הגלידריה של תחיה,תחיה,תל אביב -יפו,178,6,12.9,39.3,12.5,8.8,20.5,89.8,4.8,5.4,שוקולד,25
2022,9,30,6,ה׳ בתשרי ה'תשפ״ג,0.5,,הגלידריה של תחיה,תחיה,תל אביב -יפו,178,6,12.9,39.3,12.5,8.8,20.5,89.8,4.8,5.4,וניל,21.9
2022,9,30,6,ה׳ בתשרי ה'תשפ״ג,0.5,,הגלידריה של תחיה,תחיה,תל אביב -יפו,178,6,12.9,39.3,12.5,8.8,20.5,89.8,4.8,5.4,תות,8.7
2022,9,30,6,ה׳ בתשרי ה'תשפ״ג,0.5,,הגלידריה של תחיה,תחיה,תל אביב -יפו,178,6,12.9,39.3,12.5,8.8,20.5,89.8,4.8,5.4,בננה,9.7
2022,9,30,6,ה׳ בתשרי ה'תשפ״ג,0.5,,הגלידריה של תחיה,תחיה,תל אביב -יפו,178,6,12.9,39.3,12.5,8.8,20.5,89.8,4.8,5.4,פיסטוק,6.4
2022,10,1,7,ו׳ בתשרי ה'תשפ״ג,0,שבת שובה | פרשת וילך,הגלידריה של אסתר,אסתר,אריאל,21,6.7,18.3,35.3,12.1,10.8,16.9,78.2,2.9,18.9,שוקולד,0
2022,10,1,7,ו׳ בתשרי ה'תשפ״ג,0,שבת שובה | פרשת וילך,הגלידריה של אסתר,אסתר,אריאל,21,6.7,18.3,35.3,12.1,10.8,16.9,78.2,2.9,18.9,וניל,0
2022,10,1,7,ו׳ בתשרי ה'תשפ״ג,0,שבת שובה | פרשת וילך,הגלידריה של אסתר,אסתר,אריאל,21,6.7,18.3,35.3,12.1,10.8,16.9,78.2,2.9,18.9,תות,0
2022,10,1,7,ו׳ בתשרי ה'תשפ״ג,0,שבת שובה | פרשת וילך,הגלידריה של אסתר,אסתר,אריאל,21,6.7,18.3,35.3,12.1,10.8,16.9,78.2,2.9,18.9,בננה,0
2022,10,1,7,ו׳ בתשרי ה'תשפ״ג,0,שבת שובה | פרשת וילך,הגלידריה של אסתר,אסתר,אריאל,21,6.7,18.3,35.3,12.1,10.8,16.9,78.2,2.9,18.9,פיסטוק,0
2022,10,1,7,ו׳ בתשרי ה'תשפ״ג,0,שבת שובה | פרשת וילך,הגלידריה של הלל,הלל,הרצלייה,178,6.6,16.4,32.5,13,9,22.6,94.9,0.2,4.9,שוקולד,0
2022,10,1,7,ו׳ בתשרי ה'תשפ״ג,0,שבת שובה | פרשת וילך,הגלידריה של הלל,הלל,הרצלייה,178,6.6,16.4,32.5,13,9,22.6,94.9,0.2,4.9,וניל,0
2022,10,1,7,ו׳ בתשרי ה'תשפ״ג,0,שבת שובה | פרשת וילך,הגלידריה של הלל,הלל,הרצלייה,178,6.6,16.4,32.5,13,9,22.6,94.9,0.2,4.9,תות,0
2022,10,1,7,ו׳ בתשרי ה'תשפ״ג,0,שבת שובה | פרשת וילך,הגלידריה של הלל,הלל,הרצלייה,178,6.6,16.4,32.5,13,9,22.6,94.9,0.2,4.9,בננה,0
2022,10,1,7,ו׳ בתשרי ה'תשפ״ג,0,שבת שובה | פרשת וילך,הגלידריה של הלל,הלל,הרצלייה,178,6.6,16.4,32.5,13,9,22.6,94.9,0.2,4.9,פיסטוק,0
2022,10,1,7,ו׳ בתשרי ה'תשפ״ג,0,שבת שובה | פרשת וילך,הגלידריה של תחיה,תחיה,תל אביב -יפו,178,6,12.9,39.3,12.5,8.8,20.5,89.8,4.8,5.4,שוקולד,0
2022,10,1,7,ו׳ בתשרי ה'תשפ״ג,0,שבת שובה | פרשת וילך,הגלידריה של תחיה,תחיה,תל אביב -יפו,178,6,12.9,39.3,12.5,8.8,20.5,89.8,4.8,5.4,וניל,0
2022,10,1,7,ו׳ בתשרי ה'תשפ״ג,0,שבת שובה | פרשת וילך,הגלידריה של תחיה,תחיה,תל אביב -יפו,178,6,12.9,39.3,12.5,8.8,20.5,89.8,4.8,5.4,תות,0
2022,10,1,7,ו׳ בתשרי ה'תשפ״ג,0,שבת שובה | פרשת וילך,הגלידריה של תחיה,תחיה,תל אביב -יפו,178,6,12.9,39.3,12.5,8.8,20.5,89.8,4.8,5.4,בננה,0
2022,10,1,7,ו׳ בתשרי ה'תשפ״ג,0,שבת שובה | פרשת וילך,הגלידריה של תחיה,תחיה,תל אביב -יפו,178,6,12.9,39.3,12.5,8.8,20.5,89.8,4.8,5.4,פיסטוק,0
2022,10,2,1,ז׳ בתשרי ה'תשפ״ג,1,,הגלידריה של אסתר,אסתר,אריאל,21,6.7,18.3,35.3,12.1,10.8,16.9,78.2,2.9,18.9,שוקולד,79.5
2022,10,2,1,ז׳ בתשרי ה'תשפ״ג,1,,הגלידריה של אסתר,אסתר,אריאל,21,6.7,18.3,35.3,12.1,10.8,16.9,78.2,2.9,18.9,וניל,57
2022,10,2,1,ז׳ בתשרי ה'תשפ״ג,1,,הגלידריה של אסתר,אסתר,אריאל,21,6.7,18.3,35.3,12.1,10.8,16.9,78.2,2.9,18.9,תות,13.1
2022,10,2,1,ז׳ בתשרי ה'תשפ״ג,1,,הגלידריה של אסתר,אסתר,אריאל,21,6.7,18.3,35.3,12.1,10.8,16.9,78.2,2.9,18.9,בננה,56.4
2022,10,2,1,ז׳ בתשרי ה'תשפ״ג,1,,הגלידריה של אסתר,אסתר,אריאל,21,6.7,18.3,35.3,12.1,10.8,16.9,78.2,2.9,18.9,פיסטוק,55.7
2022,10,2,1,ז׳ בתשרי ה'תשפ״ג,1,,הגלידריה של הלל,הלל,הרצלייה,178,6.6,16.4,32.5,13,9,22.6,94.9,0.2,4.9,שוקולד,8.7
2022,10,2,1,ז׳ בתשרי ה'תשפ״ג,1,,הגלידריה של הלל,הלל,הרצלייה,178,6.6,16.4,32.5,13,9,22.6,94.9,0.2,4.9,וניל,94.9
2022,10,2,1,ז׳ בתשרי ה'תשפ״ג,1,,הגלידריה של הלל,הלל,הרצלייה,178,6.6,16.4,32.5,13,9,22.6,94.9,0.2,4.9,תות,48.2
2022,10,2,1,ז׳ בתשרי ה'תשפ״ג,1,,הגלידריה של הלל,הלל,הרצלייה,178,6.6,16.4,32.5,13,9,22.6,94.9,0.2,4.9,בננה,61.5
2022,10,2,1,ז׳ בתשרי ה'תשפ״ג,1,,הגלידריה של הלל,הלל,הרצלייה,178,6.6,16.4,32.5,13,9,22.6,94.9,0.2,4.9,פיסטוק,7.8
2022,10,2,1,ז׳ בתשרי ה'תשפ״ג,1,,הגלידריה של תחיה,תחיה,תל אביב -יפו,178,6,12.9,39.3,12.5,8.8,20.5,89.8,4.8,5.4,שוקולד,80
2022,10,2,1,ז׳ בתשרי ה'תשפ״ג,1,,הגלידריה של תחיה,תחיה,תל אביב -יפו,178,6,12.9,39.3,12.5,8.8,20.5,89.8,4.8,5.4,וניל,45.3
2022,10,2,1,ז׳ בתשרי ה'תשפ״ג,1,,הגלידריה של תחיה,תחיה,תל אביב -יפו,178,6,12.9,39.3,12.5,8.8,20.5,89.8,4.8,5.4,תות,80
2022,10,2,1,ז׳ בתשרי ה'תשפ״ג,1,,הגלידריה של תחיה,תחיה,תל אביב -יפו,178,6,12.9,39.3,12.5,8.8,20.5,89.8,4.8,5.4,בננה,60.6
2022,10,2,1,ז׳ בתשרי ה'תשפ״ג,1,,הגלידריה של תחיה,תחיה,תל אביב -יפו,178,6,12.9,39.3,12.5,8.8,20.5,89.8,4.8,5.4,פיסטוק,21.7
2022,10,3,2,ח׳ בתשרי ה'תשפ״ג,1,,הגלידריה של אסתר,אסתר,אריאל,21,6.7,18.3,35.3,12.1,10.8,16.9,78.2,2.9,18.9,שוקולד,76.3
2022,10,3,2,ח׳ בתשרי ה'תשפ״ג,1,,הגלידריה של אסתר,אסתר,אריאל,21,6.7,18.3,35.3,12.1,10.8,16.9,78.2,2.9,18.9,וניל,68.2
2022,10,3,2,ח׳ בתשרי ה'תשפ״ג,1,,הגלידריה של אסתר,אסתר,אריאל,21,6.7,18.3,35.3,12.1,10.8,16.9,78.2,2.9,18.9,תות,25.2
2022,10,3,2,ח׳ בתשרי ה'תשפ״ג,1,,הגלידריה של אסתר,אסתר,אריאל,21,6.7,18.3,35.3,12.1,10.8,16.9,78.2,2.9,18.9,בננה,87.8
2022,10,3,2,ח׳ בתשרי ה'תשפ״ג,1,,הגלידריה של אסתר,אסתר,אריאל,21,6.7,18.3,35.3,12.1,10.8,16.9,78.2,2.9,18.9,פיסטוק,27.7
2022,10,3,2,ח׳ בתשרי ה'תשפ״ג,1,,הגלידריה של הלל,הלל,הרצלייה,178,6.6,16.4,32.5,13,9,22.6,94.9,0.2,4.9,שוקולד,97.6
2022,10,3,2,ח׳ בתשרי ה'תשפ״ג,1,,הגלידריה של הלל,הלל,הרצלייה,178,6.6,16.4,32.5,13,9,22.6,94.9,0.2,4.9,וניל,66
2022,10,3,2,ח׳ בתשרי ה'תשפ״ג,1,,הגלידריה של הלל,הלל,הרצלייה,178,6.6,16.4,32.5,13,9,22.6,94.9,0.2,4.9,תות,18.2
2022,10,3,2,ח׳ בתשרי ה'תשפ״ג,1,,הגלידריה של הלל,הלל,הרצלייה,178,6.6,16.4,32.5,13,9,22.6,94.9,0.2,4.9,בננה,67.7
2022,10,3,2,ח׳ בתשרי ה'תשפ״ג,1,,הגלידריה של הלל,הלל,הרצלייה,178,6.6,16.4,32.5,13,9,22.6,94.9,0.2,4.9,פיסטוק,46.3
2022,10,3,2,ח׳ בתשרי ה'תשפ״ג,1,,הגלידריה של תחיה,תחיה,תל אביב -יפו,178,6,12.9,39.3,12.5,8.8,20.5,89.8,4.8,5.4,שוקולד,47.3
2022,10,3,2,ח׳ בתשרי ה'תשפ״ג,1,,הגלידריה של תחיה,תחיה,תל אביב -יפו,178,6,12.9,39.3,12.5,8.8,20.5,89.8,4.8,5.4,וניל,4.3
2022,10,3,2,ח׳ בתשרי ה'תשפ״ג,1,,הגלידריה של תחיה,תחיה,תל אביב -יפו,178,6,12.9,39.3,12.5,8.8,20.5,89.8,4.8,5.4,תות,23
2022,10,3,2,ח׳ בתשרי ה'תשפ״ג,1,,הגלידריה של תחיה,תחיה,תל אביב -יפו,178,6,12.9,39.3,12.5,8.8,20.5,89.8,4.8,5.4,בננה,81.7
2022,10,3,2,ח׳ בתשרי ה'תשפ״ג,1,,הגלידריה של תחיה,תחיה,תל אביב -יפו,178,6,12.9,39.3,12.5,8.8,20.5,89.8,4.8,5.4,פיסטוק,84.7
2022,10,4,3,ט׳ בתשרי ה'תשפ״ג,0.5,ערב יום כפור,הגלידריה של אסתר,אסתר,אריאל,21,6.7,18.3,35.3,12.1,10.8,16.9,78.2,2.9,18.9,שוקולד,38.1
2022,10,4,3,ט׳ בתשרי ה'תשפ״ג,0.5,ערב יום כפור,הגלידריה של אסתר,אסתר,אריאל,21,6.7,18.3,35.3,12.1,10.8,16.9,78.2,2.9,18.9,וניל,22.9
2022,10,4,3,ט׳ בתשרי ה'תשפ״ג,0.5,ערב יום כפור,הגלידריה של אסתר,אסתר,אריאל,21,6.7,18.3,35.3,12.1,10.8,16.9,78.2,2.9,18.9,תות,11.2
2022,10,4,3,ט׳ בתשרי ה'תשפ״ג,0.5,ערב יום כפור,הגלידריה של אסתר,אסתר,אריאל,21,6.7,18.3,35.3,12.1,10.8,16.9,78.2,2.9,18.9,בננה,26.1
2022,10,4,3,ט׳ בתשרי ה'תשפ״ג,0.5,ערב יום כפור,הגלידריה של אסתר,אסתר,אריאל,21,6.7,18.3,35.3,12.1,10.8,16.9,78.2,2.9,18.9,פיסטוק,7.7
2022,10,4,3,ט׳ בתשרי ה'תשפ״ג,0.5,ערב יום כפור,הגלידריה של הלל,הלל,הרצלייה,178,6.6,16.4,32.5,13,9,22.6,94.9,0.2,4.9,שוקולד,19.7
2022,10,4,3,ט׳ בתשרי ה'תשפ״ג,0.5,ערב יום כפור,הגלידריה של הלל,הלל,הרצלייה,178,6.6,16.4,32.5,13,9,22.6,94.9,0.2,4.9,וניל,33.6
2022,10,4,3,ט׳ בתשרי ה'תשפ״ג,0.5,ערב יום כפור,הגלידריה של הלל,הלל,הרצלייה,178,6.6,16.4,32.5,13,9,22.6,94.9,0.2,4.9,תות,34.9
2022,10,4,3,ט׳ בתשרי ה'תשפ״ג,0.5,ערב יום כפור,הגלידריה של הלל,הלל,הרצלייה,178,6.6,16.4,32.5,13,9,22.6,94.9,0.2,4.9,בננה,9
2022,10,4,3,ט׳ בתשרי ה'תשפ״ג,0.5,ערב יום כפור,הגלידריה של הלל,הלל,הרצלייה,178,6.6,16.4,32.5,13,9,22.6,94.9,0.2,4.9,פיסטוק,44.3
2022,10,4,3,ט׳ בתשרי ה'תשפ״ג,0.5,ערב יום כפור,הגלידריה של תחיה,תחיה,תל אביב -יפו,178,6,12.9,39.3,12.5,8.8,20.5,89.8,4.8,5.4,שוקולד,39.8
2022,10,4,3,ט׳ בתשרי ה'תשפ״ג,0.5,ערב יום כפור,הגלידריה של תחיה,תחיה,תל אביב -יפו,178,6,12.9,39.3,12.5,8.8,20.5,89.8,4.8,5.4,וניל,18.7
2022,10,4,3,ט׳ בתשרי ה'תשפ״ג,0.5,ערב יום כפור,הגלידריה של תחיה,תחיה,תל אביב -יפו,178,6,12.9,39.3,12.5,8.8,20.5,89.8,4.8,5.4,תות,6.8
2022,10,4,3,ט׳ בתשרי ה'תשפ״ג,0.5,ערב יום כפור,הגלידריה של תחיה,תחיה,תל אביב -יפו,178,6,12.9,39.3,12.5,8.8,20.5,89.8,4.8,5.4,בננה,25.5
2022,10,4,3,ט׳ בתשרי ה'תשפ״ג,0.5,ערב יום כפור,הגלידריה של תחיה,תחיה,תל אביב -יפו,178,6,12.9,39.3,12.5,8.8,20.5,89.8,4.8,5.4,פיסטוק,7.4
2022,10,5,4,י׳ בתשרי ה'תשפ״ג,0,יום כפור,הגלידריה של אסתר,אסתר,אריאל,21,6.7,18.3,35.3,12.1,10.8,16.9,78.2,2.9,18.9,שוקולד,0
2022,10,5,4,י׳ בתשרי ה'תשפ״ג,0,יום כפור,הגלידריה של אסתר,אסתר,אריאל,21,6.7,18.3,35.3,12.1,10.8,16.9,78.2,2.9,18.9,וניל,0
2022,10,5,4,י׳ בתשרי ה'תשפ״ג,0,יום כפור,הגלידריה של אסתר,אסתר,אריאל,21,6.7,18.3,35.3,12.1,10.8,16.9,78.2,2.9,18.9,תות,0
2022,10,5,4,י׳ בתשרי ה'תשפ״ג,0,יום כפור,הגלידריה של אסתר,אסתר,אריאל,21,6.7,18.3,35.3,12.1,10.8,16.9,78.2,2.9,18.9,בננה,0
2022,10,5,4,י׳ בתשרי ה'תשפ״ג,0,יום כפור,הגלידריה של אסתר,אסתר,אריאל,21,6.7,18.3,35.3,12.1,10.8,16.9,78.2,2.9,18.9,פיסטוק,0
2022,10,5,4,י׳ בתשרי ה'תשפ״ג,0,יום כפור,הגלידריה של הלל,הלל,הרצלייה,178,6.6,16.4,32.5,13,9,22.6,94.9,0.2,4.9,שוקולד,0
2022,10,5,4,י׳ בתשרי ה'תשפ״ג,0,יום כפור,הגלידריה של הלל,הלל,הרצלייה,178,6.6,16.4,32.5,13,9,22.6,94.9,0.2,4.9,וניל,0
2022,10,5,4,י׳ בתשרי ה'תשפ״ג,0,יום כפור,הגלידריה של הלל,הלל,הרצלייה,178,6.6,16.4,32.5,13,9,22.6,94.9,0.2,4.9,תות,0
2022,10,5,4,י׳ בתשרי ה'תשפ״ג,0,יום כפור,הגלידריה של הלל,הלל,הרצלייה,178,6.6,16.4,32.5,13,9,22.6,94.9,0.2,4.9,בננה,0
2022,10,5,4,י׳ בתשרי ה'תשפ״ג,0,יום כפור,הגלידריה של הלל,הלל,הרצלייה,178,6.6,16.4,32.5,13,9,22.6,94.9,0.2,4.9,פיסטוק,0
2022,10,5,4,י׳ בתשרי ה'תשפ״ג,0,יום כפור,הגלידריה של תחיה,תחיה,תל אביב -יפו,178,6,12.9,39.3,12.5,8.8,20.5,89.8,4.8,5.4,שוקולד,0
2022,10,5,4,י׳ בתשרי ה'תשפ״ג,0,יום כפור,הגלידריה של תחיה,תחיה,תל אביב -יפו,178,6,12.9,39.3,12.5,8.8,20.5,89.8,4.8,5.4,וניל,0
2022,10,5,4,י׳ בתשרי ה'תשפ״ג,0,יום כפור,הגלידריה של תחיה,תחיה,תל אביב -יפו,178,6,12.9,39.3,12.5,8.8,20.5,89.8,4.8,5.4,תות,0
2022,10,5,4,י׳ בתשרי ה'תשפ״ג,0,יום כפור,הגלידריה של תחיה,תחיה,תל אביב -יפו,178,6,12.9,39.3,12.5,8.8,20.5,89.8,4.8,5.4,בננה,0
2022,10,5,4,י׳ בתשרי ה'תשפ״ג,0,יום כפור,הגלידריה של תחיה,תחיה,תל אביב -יפו,178,6,12.9,39.3,12.5,8.8,20.5,89.8,4.8,5.4,פיסטוק,0
2022,10,6,5,י״א בתשרי ה'תשפ״ג,1,,הגלידריה של אסתר,אסתר,אריאל,21,6.7,18.3,35.3,12.1,10.8,16.9,78.2,2.9,18.9,שוקולד,81.2
2022,10,6,5,י״א בתשרי ה'תשפ״ג,1,,הגלידריה של אסתר,אסתר,אריאל,21,6.7,18.3,35.3,12.1,10.8,16.9,78.2,2.9,18.9,וניל,98.2
2022,10,6,5,י״א בתשרי ה'תשפ״ג,1,,הגלידריה של אסתר,אסתר,אריאל,21,6.7,18.3,35.3,12.1,10.8,16.9,78.2,2.9,18.9,תות,94
2022,10,6,5,י״א בתשרי ה'תשפ״ג,1,,הגלידריה של אסתר,אסתר,אריאל,21,6.7,18.3,35.3,12.1,10.8,16.9,78.2,2.9,18.9,בננה,8.7
2022,10,6,5,י״א בתשרי ה'תשפ״ג,1,,הגלידריה של אסתר,אסתר,אריאל,21,6.7,18.3,35.3,12.1,10.8,16.9,78.2,2.9,18.9,פיסטוק,85.3
2022,10,6,5,י״א בתשרי ה'תשפ״ג,1,,הגלידריה של הלל,הלל,הרצלייה,178,6.6,16.4,32.5,13,9,22.6,94.9,0.2,4.9,שוקולד,62.7
2022,10,6,5,י״א בתשרי ה'תשפ״ג,1,,הגלידריה של הלל,הלל,הרצלייה,178,6.6,16.4,32.5,13,9,22.6,94.9,0.2,4.9,וניל,57.8
2022,10,6,5,י״א בתשרי ה'תשפ״ג,1,,הגלידריה של הלל,הלל,הרצלייה,178,6.6,16.4,32.5,13,9,22.6,94.9,0.2,4.9,תות,51.4
2022,10,6,5,י״א בתשרי ה'תשפ״ג,1,,הגלידריה של הלל,הלל,הרצלייה,178,6.6,16.4,32.5,13,9,22.6,94.9,0.2,4.9,בננה,99.4
2022,10,6,5,י״א בתשרי ה'תשפ״ג,1,,הגלידריה של הלל,הלל,הרצלייה,178,6.6,16.4,32.5,13,9,22.6,94.9,0.2,4.9,פיסטוק,29.8
2022,10,6,5,י״א בתשרי ה'תשפ״ג,1,,הגלידריה של תחיה,תחיה,תל אביב -יפו,178,6,12.9,39.3,12.5,8.8,20.5,89.8,4.8,5.4,שוקולד,12.2
2022,10,6,5,י״א בתשרי ה'תשפ״ג,1,,הגלידריה של תחיה,תחיה,תל אביב -יפו,178,6,12.9,39.3,12.5,8.8,20.5,89.8,4.8,5.4,וניל,92.6
2022,10,6,5,י״א בתשרי ה'תשפ״ג,1,,הגלידריה של תחיה,תחיה,תל אביב -יפו,178,6,12.9,39.3,12.5,8.8,20.5,89.8,4.8,5.4,תות,99
2022,10,6,5,י״א בתשרי ה'תשפ״ג,1,,הגלידריה של תחיה,תחיה,תל אביב -יפו,178,6,12.9,39.3,12.5,8.8,20.5,89.8,4.8,5.4,בננה,79.3
2022,10,6,5,י״א בתשרי ה'תשפ״ג,1,,הגלידריה של תחיה,תחיה,תל אביב -יפו,178,6,12.9,39.3,12.5,8.8,20.5,89.8,4.8,5.4,פיסטוק,5.6
2022,10,7,6,י״ב בתשרי ה'תשפ״ג,0.5,,הגלידריה של אסתר,אסתר,אריאל,21,6.7,18.3,35.3,12.1,10.8,16.9,78.2,2.9,18.9,שוקולד,16.7
2022,10,7,6,י״ב בתשרי ה'תשפ״ג,0.5,,הגלידריה של אסתר,אסתר,אריאל,21,6.7,18.3,35.3,12.1,10.8,16.9,78.2,2.9,18.9,וניל,11.1
2022,10,7,6,י״ב בתשרי ה'תשפ״ג,0.5,,הגלידריה של אסתר,אסתר,אריאל,21,6.7,18.3,35.3,12.1,10.8,16.9,78.2,2.9,18.9,תות,8.2
2022,10,7,6,י״ב בתשרי ה'תשפ״ג,0.5,,הגלידריה של אסתר,אסתר,אריאל,21,6.7,18.3,35.3,12.1,10.8,16.9,78.2,2.9,18.9,בננה,17.2
2022,10,7,6,י״ב בתשרי ה'תשפ״ג,0.5,,הגלידריה של אסתר,אסתר,אריאל,21,6.7,18.3,35.3,12.1,10.8,16.9,78.2,2.9,18.9,פיסטוק,9.2
2022,10,7,6,י״ב בתשרי ה'תשפ״ג,0.5,,הגלידריה של הלל,הלל,הרצלייה,178,6.6,16.4,32.5,13,9,22.6,94.9,0.2,4.9,שוקולד,35.5
2022,10,7,6,י״ב בתשרי ה'תשפ״ג,0.5,,הגלידריה של הלל,הלל,הרצלייה,178,6.6,16.4,32.5,13,9,22.6,94.9,0.2,4.9,וניל,37
2022,10,7,6,י״ב בתשרי ה'תשפ״ג,0.5,,הגלידריה של הלל,הלל,הרצלייה,178,6.6,16.4,32.5,13,9,22.6,94.9,0.2,4.9,תות,8.4
2022,10,7,6,י״ב בתשרי ה'תשפ״ג,0.5,,הגלידריה של הלל,הלל,הרצלייה,178,6.6,16.4,32.5,13,9,22.6,94.9,0.2,4.9,בננה,28.6
2022,10,7,6,י״ב בתשרי ה'תשפ״ג,0.5,,הגלידריה של הלל,הלל,הרצלייה,178,6.6,16.4,32.5,13,9,22.6,94.9,0.2,4.9,פיסטוק,20.2
2022,10,7,6,י״ב בתשרי ה'תשפ״ג,0.5,,הגלידריה של תחיה,תחיה,תל אביב -יפו,178,6,12.9,39.3,12.5,8.8,20.5,89.8,4.8,5.4,שוקולד,46.1
2022,10,7,6,י״ב בתשרי ה'תשפ״ג,0.5,,הגלידריה של תחיה,תחיה,תל אביב -יפו,178,6,12.9,39.3,12.5,8.8,20.5,89.8,4.8,5.4,וניל,14.2
2022,10,7,6,י״ב בתשרי ה'תשפ״ג,0.5,,הגלידריה של תחיה,תחיה,תל אביב -יפו,178,6,12.9,39.3,12.5,8.8,20.5,89.8,4.8,5.4,תות,22.5
2022,10,7,6,י״ב בתשרי ה'תשפ״ג,0.5,,הגלידריה של תחיה,תחיה,תל אביב -יפו,178,6,12.9,39.3,12.5,8.8,20.5,89.8,4.8,5.4,בננה,43.2
2022,10,7,6,י״ב בתשרי ה'תשפ״ג,0.5,,הגלידריה של תחיה,תחיה,תל אביב -יפו,178,6,12.9,39.3,12.5,8.8,20.5,89.8,4.8,5.4,פיסטוק,37.9
2022,10,8,7,י״ג בתשרי ה'תשפ״ג,0,פרשת האזינו,הגלידריה של אסתר,אסתר,אריאל,21,6.7,18.3,35.3,12.1,10.8,16.9,78.2,2.9,18.9,שוקולד,0
2022,10,8,7,י״ג בתשרי ה'תשפ״ג,0,פרשת האזינו,הגלידריה של אסתר,אסתר,אריאל,21,6.7,18.3,35.3,12.1,10.8,16.9,78.2,2.9,18.9,וניל,0
2022,10,8,7,י״ג בתשרי ה'תשפ״ג,0,פרשת האזינו,הגלידריה של אסתר,אסתר,אריאל,21,6.7,18.3,35.3,12.1,10.8,16.9,78.2,2.9,18.9,תות,0
2022,10,8,7,י״ג בתשרי ה'תשפ״ג,0,פרשת האזינו,הגלידריה של אסתר,אסתר,אריאל,21,6.7,18.3,35.3,12.1,10.8,16.9,78.2,2.9,18.9,בננה,0
2022,10,8,7,י״ג בתשרי ה'תשפ״ג,0,פרשת האזינו,הגלידריה של אסתר,אסתר,אריאל,21,6.7,18.3,35.3,12.1,10.8,16.9,78.2,2.9,18.9,פיסטוק,0
2022,10,8,7,י״ג בתשרי ה'תשפ״ג,0,פרשת האזינו,הגלידריה של הלל,הלל,הרצלייה,178,6.6,16.4,32.5,13,9,22.6,94.9,0.2,4.9,שוקולד,0
2022,10,8,7,י״ג בתשרי ה'תשפ״ג,0,פרשת האזינו,הגלידריה של הלל,הלל,הרצלייה,178,6.6,16.4,32.5,13,9,22.6,94.9,0.2,4.9,וניל,0
2022,10,8,7,י״ג בתשרי ה'תשפ״ג,0,פרשת האזינו,הגלידריה של הלל,הלל,הרצלייה,178,6.6,16.4,32.5,13,9,22.6,94.9,0.2,4.9,תות,0
2022,10,8,7,י״ג בתשרי ה'תשפ״ג,0,פרשת האזינו,הגלידריה של הלל,הלל,הרצלייה,178,6.6,16.4,32.5,13,9,22.6,94.9,0.2,4.9,בננה,0
2022,10,8,7,י״ג בתשרי ה'תשפ״ג,0,פרשת האזינו,הגלידריה של הלל,הלל,הרצלייה,178,6.6,16.4,32.5,13,9,22.6,94.9,0.2,4.9,פיסטוק,0
2022,10,8,7,י״ג בתשרי ה'תשפ״ג,0,פרשת האזינו,הגלידריה של תחיה,תחיה,תל אביב -יפו,178,6,12.9,39.3,12.5,8.8,20.5,89.8,4.8,5.4,שוקולד,0
2022,10,8,7,י״ג בתשרי ה'תשפ״ג,0,פרשת האזינו,הגלידריה של תחיה,תחיה,תל אביב -יפו,178,6,12.9,39.3,12.5,8.8,20.5,89.8,4.8,5.4,וניל,0
2022,10,8,7,י״ג בתשרי ה'תשפ״ג,0,פרשת האזינו,הגלידריה של תחיה,תחיה,תל אביב -יפו,178,6,12.9,39.3,12.5,8.8,20.5,89.8,4.8,5.4,תות,0
2022,10,8,7,י״ג בתשרי ה'תשפ״ג,0,פרשת האזינו,הגלידריה של תחיה,תחיה,תל אביב -יפו,178,6,12.9,39.3,12.5,8.8,20.5,89.8,4.8,5.4,בננה,0
2022,10,8,7,י״ג בתשרי ה'תשפ״ג,0,פרשת האזינו,הגלידריה של תחיה,תחיה,תל אביב -יפו,178,6,12.9,39.3,12.5,8.8,20.5,89.8,4.8,5.4,פיסטוק,0
2022,10,9,1,י״ד בתשרי ה'תשפ״ג,0.5,ערב סוכות,הגלידריה של אסתר,אסתר,אריאל,21,6.7,18.3,35.3,12.1,10.8,16.9,78.2,2.9,18.9,שוקולד,6.8
2022,10,9,1,י״ד בתשרי ה'תשפ״ג,0.5,ערב סוכות,הגלידריה של אסתר,אסתר,אריאל,21,6.7,18.3,35.3,12.1,10.8,16.9,78.2,2.9,18.9,וניל,40
2022,10,9,1,י״ד בתשרי ה'תשפ״ג,0.5,ערב סוכות,הגלידריה של אסתר,אסתר,אריאל,21,6.7,18.3,35.3,12.1,10.8,16.9,78.2,2.9,18.9,תות,9.1
2022,10,9,1,י״ד בתשרי ה'תשפ״ג,0.5,ערב סוכות,הגלידריה של אסתר,אסתר,אריאל,21,6.7,18.3,35.3,12.1,10.8,16.9,78.2,2.9,18.9,בננה,1.4
2022,10,9,1,י״ד בתשרי ה'תשפ״ג,0.5,ערב סוכות,הגלידריה של אסתר,אסתר,אריאל,21,6.7,18.3,35.3,12.1,10.8,16.9,78.2,2.9,18.9,פיסטוק,35.3
2022,10,9,1,י״ד בתשרי ה'תשפ״ג,0.5,ערב סוכות,הגלידריה של הלל,הלל,הרצלייה,178,6.6,16.4,32.5,13,9,22.6,94.9,0.2,4.9,שוקולד,44.9
2022,10,9,1,י״ד בתשרי ה'תשפ״ג,0.5,ערב סוכות,הגלידריה של הלל,הלל,הרצלייה,178,6.6,16.4,32.5,13,9,22.6,94.9,0.2,4.9,וניל,28.1
2022,10,9,1,י״ד בתשרי ה'תשפ״ג,0.5,ערב סוכות,הגלידריה של הלל,הלל,הרצלייה,178,6.6,16.4,32.5,13,9,22.6,94.9,0.2,4.9,תות,40.4
2022,10,9,1,י״ד בתשרי ה'תשפ״ג,0.5,ערב סוכות,הגלידריה של הלל,הלל,הרצלייה,178,6.6,16.4,32.5,13,9,22.6,94.9,0.2,4.9,בננה,14.9
2022,10,9,1,י״ד בתשרי ה'תשפ״ג,0.5,ערב סוכות,הגלידריה של הלל,הלל,הרצלייה,178,6.6,16.4,32.5,13,9,22.6,94.9,0.2,4.9,פיסטוק,49
2022,10,9,1,י״ד בתשרי ה'תשפ״ג,0.5,ערב סוכות,הגלידריה של תחיה,תחיה,תל אביב -יפו,178,6,12.9,39.3,12.5,8.8,20.5,89.8,4.8,5.4,שוקולד,43.9
2022,10,9,1,י״ד בתשרי ה'תשפ״ג,0.5,ערב סוכות,הגלידריה של תחיה,תחיה,תל אביב -יפו,178,6,12.9,39.3,12.5,8.8,20.5,89.8,4.8,5.4,וניל,43.3
2022,10,9,1,י״ד בתשרי ה'תשפ״ג,0.5,ערב סוכות,הגלידריה של תחיה,תחיה,תל אביב -יפו,178,6,12.9,39.3,12.5,8.8,20.5,89.8,4.8,5.4,תות,1.8
2022,10,9,1,י״ד בתשרי ה'תשפ״ג,0.5,ערב סוכות,הגלידריה של תחיה,תחיה,תל אביב -יפו,178,6,12.9,39.3,12.5,8.8,20.5,89.8,4.8,5.4,בננה,2.4
2022,10,9,1,י״ד בתשרי ה'תשפ״ג,0.5,ערב סוכות,הגלידריה של תחיה,תחיה,תל אביב -יפו,178,6,12.9,39.3,12.5,8.8,20.5,89.8,4.8,5.4,פיסטוק,10.2
2022,10,10,2,ט״ו בתשרי ה'תשפ״ג,0,סוכות א׳,הגלידריה של אסתר,אסתר,אריאל,21,6.7,18.3,35.3,12.1,10.8,16.9,78.2,2.9,18.9,שוקולד,0
2022,10,10,2,ט״ו בתשרי ה'תשפ״ג,0,סוכות א׳,הגלידריה של אסתר,אסתר,אריאל,21,6.7,18.3,35.3,12.1,10.8,16.9,78.2,2.9,18.9,וניל,0
2022,10,10,2,ט״ו בתשרי ה'תשפ״ג,0,סוכות א׳,הגלידריה של אסתר,אסתר,אריאל,21,6.7,18.3,35.3,12.1,10.8,16.9,78.2,2.9,18.9,תות,0
2022,10,10,2,ט״ו בתשרי ה'תשפ״ג,0,סוכות א׳,הגלידריה של אסתר,אסתר,אריאל,21,6.7,18.3,35.3,12.1,10.8,16.9,78.2,2.9,18.9,בננה,0
2022,10,10,2,ט״ו בתשרי ה'תשפ״ג,0,סוכות א׳,הגלידריה של אסתר,אסתר,אריאל,21,6.7,18.3,35.3,12.1,10.8,16.9,78.2,2.9,18.9,פיסטוק,0
2022,10,10,2,ט״ו בתשרי ה'תשפ״ג,0,סוכות א׳,הגלידריה של הלל,הלל,הרצלייה,178,6.6,16.4,32.5,13,9,22.6,94.9,0.2,4.9,שוקולד,0
2022,10,10,2,ט״ו בתשרי ה'תשפ״ג,0,סוכות א׳,הגלידריה של הלל,הלל,הרצלייה,178,6.6,16.4,32.5,13,9,22.6,94.9,0.2,4.9,וניל,0
2022,10,10,2,ט״ו בתשרי ה'תשפ״ג,0,סוכות א׳,הגלידריה של הלל,הלל,הרצלייה,178,6.6,16.4,32.5,13,9,22.6,94.9,0.2,4.9,תות,0
2022,10,10,2,ט״ו בתשרי ה'תשפ״ג,0,סוכות א׳,הגלידריה של הלל,הלל,הרצלייה,178,6.6,16.4,32.5,13,9,22.6,94.9,0.2,4.9,בננה,0
2022,10,10,2,ט״ו בתשרי ה'תשפ״ג,0,סוכות א׳,הגלידריה של הלל,הלל,הרצלייה,178,6.6,16.4,32.5,13,9,22.6,94.9,0.2,4.9,פיסטוק,0
2022,10,10,2,ט״ו בתשרי ה'תשפ״ג,0,סוכות א׳,הגלידריה של תחיה,תחיה,תל אביב -יפו,178,6,12.9,39.3,12.5,8.8,20.5,89.8,4.8,5.4,שוקולד,0
2022,10,10,2,ט״ו בתשרי ה'תשפ״ג,0,סוכות א׳,הגלידריה של תחיה,תחיה,תל אביב -יפו,178,6,12.9,39.3,12.5,8.8,20.5,89.8,4.8,5.4,וניל,0
2022,10,10,2,ט״ו בתשרי ה'תשפ״ג,0,סוכות א׳,הגלידריה של תחיה,תחיה,תל אביב -יפו,178,6,12.9,39.3,12.5,8.8,20.5,89.8,4.8,5.4,תות,0
2022,10,10,2,ט״ו בתשרי ה'תשפ״ג,0,סוכות א׳,הגלידריה של תחיה,תחיה,תל אביב -יפו,178,6,12.9,39.3,12.5,8.8,20.5,89.8,4.8,5.4,בננה,0
2022,10,10,2,ט״ו בתשרי ה'תשפ״ג,0,סוכות א׳,הגלידריה של תחיה,תחיה,תל אביב -יפו,178,6,12.9,39.3,12.5,8.8,20.5,89.8,4.8,5.4,פיסטוק,0
2022,10,11,3,ט״ז בתשרי ה'תשפ״ג,1,סוכות ב׳ (חוה״מ),הגלידריה של אסתר,אסתר,אריאל,21,6.7,18.3,35.3,12.1,10.8,16.9,78.2,2.9,18.9,שוקולד,37
2022,10,11,3,ט״ז בתשרי ה'תשפ״ג,1,סוכות ב׳ (חוה״מ),הגלידריה של אסתר,אסתר,אריאל,21,6.7,18.3,35.3,12.1,10.8,16.9,78.2,2.9,18.9,וניל,6.7
2022,10,11,3,ט״ז בתשרי ה'תשפ״ג,1,סוכות ב׳ (חוה״מ),הגלידריה של אסתר,אסתר,אריאל,21,6.7,18.3,35.3,12.1,10.8,16.9,78.2,2.9,18.9,תות,13.2
2022,10,11,3,ט״ז בתשרי ה'תשפ״ג,1,סוכות ב׳ (חוה״מ),הגלידריה של אסתר,אסתר,אריאל,21,6.7,18.3,35.3,12.1,10.8,16.9,78.2,2.9,18.9,בננה,67.9
2022,10,11,3,ט״ז בתשרי ה'תשפ״ג,1,סוכות ב׳ (חוה״מ),הגלידריה של אסתר,אסתר,אריאל,21,6.7,18.3,35.3,12.1,10.8,16.9,78.2,2.9,18.9,פיסטוק,56.2
2022,10,11,3,ט״ז בתשרי ה'תשפ״ג,1,סוכות ב׳ (חוה״מ),הגלידריה של הלל,הלל,הרצלייה,178,6.6,16.4,32.5,13,9,22.6,94.9,0.2,4.9,שוקולד,52.1
2022,10,11,3,ט״ז בתשרי ה'תשפ״ג,1,סוכות ב׳ (חוה״מ),הגלידריה של הלל,הלל,הרצלייה,178,6.6,16.4,32.5,13,9,22.6,94.9,0.2,4.9,וניל,22.7
2022,10,11,3,ט״ז בתשרי ה'תשפ״ג,1,סוכות ב׳ (חוה״מ),הגלידריה של הלל,הלל,הרצלייה,178,6.6,16.4,32.5,13,9,22.6,94.9,0.2,4.9,תות,78.7
2022,10,11,3,ט״ז בתשרי ה'תשפ״ג,1,סוכות ב׳ (חוה״מ),הגלידריה של הלל,הלל,הרצלייה,178,6.6,16.4,32.5,13,9,22.6,94.9,0.2,4.9,בננה,4.9
2022,10,11,3,ט״ז בתשרי ה'תשפ״ג,1,סוכות ב׳ (חוה״מ),הגלידריה של הלל,הלל,הרצלייה,178,6.6,16.4,32.5,13,9,22.6,94.9,0.2,4.9,פיסטוק,44
2022,10,11,3,ט״ז בתשרי ה'תשפ״ג,1,סוכות ב׳ (חוה״מ),הגלידריה של תחיה,תחיה,תל אביב -יפו,178,6,12.9,39.3,12.5,8.8,20.5,89.8,4.8,5.4,שוקולד,61.6
2022,10,11,3,ט״ז בתשרי ה'תשפ״ג,1,סוכות ב׳ (חוה״מ),הגלידריה של תחיה,תחיה,תל אביב -יפו,178,6,12.9,39.3,12.5,8.8,20.5,89.8,4.8,5.4,וניל,41.7
2022,10,11,3,ט״ז בתשרי ה'תשפ״ג,1,סוכות ב׳ (חוה״מ),הגלידריה של תחיה,תחיה,תל אביב -יפו,178,6,12.9,39.3,12.5,8.8,20.5,89.8,4.8,5.4,תות,89.8
2022,10,11,3,ט״ז בתשרי ה'תשפ״ג,1,סוכות ב׳ (חוה״מ),הגלידריה של תחיה,תחיה,תל אביב -יפו,178,6,12.9,39.3,12.5,8.8,20.5,89.8,4.8,5.4,בננה,83.9
2022,10,11,3,ט״ז בתשרי ה'תשפ״ג,1,סוכות ב׳ (חוה״מ),הגלידריה של תחיה,תחיה,תל אביב -יפו,178,6,12.9,39.3,12.5,8.8,20.5,89.8,4.8,5.4,פיסטוק,79
2022,10,12,4,י״ז בתשרי ה'תשפ״ג,1,סוכות ג׳ (חוה״מ),הגלידריה של אסתר,אסתר,אריאל,21,6.7,18.3,35.3,12.1,10.8,16.9,78.2,2.9,18.9,שוקולד,33.8
2022,10,12,4,י״ז בתשרי ה'תשפ״ג,1,סוכות ג׳ (חוה״מ),הגלידריה של אסתר,אסתר,אריאל,21,6.7,18.3,35.3,12.1,10.8,16.9,78.2,2.9,18.9,וניל,68.4
2022,10,12,4,י״ז בתשרי ה'תשפ״ג,1,סוכות ג׳ (חוה״מ),הגלידריה של אסתר,אסתר,אריאל,21,6.7,18.3,35.3,12.1,10.8,16.9,78.2,2.9,18.9,תות,64.4
2022,10,12,4,י״ז בתשרי ה'תשפ״ג,1,סוכות ג׳ (חוה״מ),הגלידריה של אסתר,אסתר,אריאל,21,6.7,18.3,35.3,12.1,10.8,16.9,78.2,2.9,18.9,בננה,5.2
2022,10,12,4,י״ז בתשרי ה'תשפ״ג,1,סוכות ג׳ (חוה״מ),הגלידריה של אסתר,אסתר,אריאל,21,6.7,18.3,35.3,12.1,10.8,16.9,78.2,2.9,18.9,פיסטוק,74.3
2022,10,12,4,י״ז בתשרי ה'תשפ״ג,1,סוכות ג׳ (חוה״מ),הגלידריה של הלל,הלל,הרצלייה,178,6.6,16.4,32.5,13,9,22.6,94.9,0.2,4.9,שוקולד,60.5
2022,10,12,4,י״ז בתשרי ה'תשפ״ג,1,סוכות ג׳ (חוה״מ),הגלידריה של הלל,הלל,הרצלייה,178,6.6,16.4,32.5,13,9,22.6,94.9,0.2,4.9,וניל,2
2022,10,12,4,י״ז בתשרי ה'תשפ״ג,1,סוכות ג׳ (חוה״מ),הגלידריה של הלל,הלל,הרצלייה,178,6.6,16.4,32.5,13,9,22.6,94.9,0.2,4.9,תות,36.2
2022,10,12,4,י״ז בתשרי ה'תשפ״ג,1,סוכות ג׳ (חוה״מ),הגלידריה של הלל,הלל,הרצלייה,178,6.6,16.4,32.5,13,9,22.6,94.9,0.2,4.9,בננה,21.1
2022,10,12,4,י״ז בתשרי ה'תשפ״ג,1,סוכות ג׳ (חוה״מ),הגלידריה של הלל,הלל,הרצלייה,178,6.6,16.4,32.5,13,9,22.6,94.9,0.2,4.9,פיסטוק,61.7
2022,10,12,4,י״ז בתשרי ה'תשפ״ג,1,סוכות ג׳ (חוה״מ),הגלידריה של תחיה,תחיה,תל אביב -יפו,178,6,12.9,39.3,12.5,8.8,20.5,89.8,4.8,5.4,שוקולד,93.3
2022,10,12,4,י״ז בתשרי ה'תשפ״ג,1,סוכות ג׳ (חוה״מ),הגלידריה של תחיה,תחיה,תל אביב -יפו,178,6,12.9,39.3,12.5,8.8,20.5,89.8,4.8,5.4,וניל,81.8
2022,10,12,4,י״ז בתשרי ה'תשפ״ג,1,סוכות ג׳ (חוה״מ),הגלידריה של תחיה,תחיה,תל אביב -יפו,178,6,12.9,39.3,12.5,8.8,20.5,89.8,4.8,5.4,תות,73.3
2022,10,12,4,י״ז בתשרי ה'תשפ״ג,1,סוכות ג׳ (חוה״מ),הגלידריה של תחיה,תחיה,תל אביב -יפו,178,6,12.9,39.3,12.5,8.8,20.5,89.8,4.8,5.4,בננה,66.1
2022,10,12,4,י״ז בתשרי ה'תשפ״ג,1,סוכות ג׳ (חוה״מ),הגלידריה של תחיה,תחיה,תל אביב -יפו,178,6,12.9,39.3,12.5,8.8,20.5,89.8,4.8,5.4,פיסטוק,54
2022,10,13,5,י״ח בתשרי ה'תשפ״ג,1,סוכות ד׳ (חוה״מ),הגלידריה של אסתר,אסתר,אריאל,21,6.7,18.3,35.3,12.1,10.8,16.9,78.2,2.9,18.9,שוקולד,25.3
2022,10,13,5,י״ח בתשרי ה'תשפ״ג,1,סוכות ד׳ (חוה״מ),הגלידריה של אסתר,אסתר,אריאל,21,6.7,18.3,35.3,12.1,10.8,16.9,78.2,2.9,18.9,וניל,62
2022,10,13,5,י״ח בתשרי ה'תשפ״ג,1,סוכות ד׳ (חוה״מ),הגלידריה של אסתר,אסתר,אריאל,21,6.7,18.3,35.3,12.1,10.8,16.9,78.2,2.9,18.9,תות,34.3
2022,10,13,5,י״ח בתשרי ה'תשפ״ג,1,סוכות ד׳ (חוה״מ),הגלידריה של אסתר,אסתר,אריאל,21,6.7,18.3,35.3,12.1,10.8,16.9,78.2,2.9,18.9,בננה,62.6
2022,10,13,5,י״ח בתשרי ה'תשפ״ג,1,סוכות ד׳ (חוה״מ),הגלידריה של אסתר,אסתר,אריאל,21,6.7,18.3,35.3,12.1,10.8,16.9,78.2,2.9,18.9,פיסטוק,14.6
2022,10,13,5,י״ח בתשרי ה'תשפ״ג,1,סוכות ד׳ (חוה״מ),הגלידריה של הלל,הלל,הרצלייה,178,6.6,16.4,32.5,13,9,22.6,94.9,0.2,4.9,שוקולד,7.3
2022,10,13,5,י״ח בתשרי ה'תשפ״ג,1,סוכות ד׳ (חוה״מ),הגלידריה של הלל,הלל,הרצלייה,178,6.6,16.4,32.5,13,9,22.6,94.9,0.2,4.9,וניל,40.6
2022,10,13,5,י״ח בתשרי ה'תשפ״ג,1,סוכות ד׳ (חוה״מ),הגלידריה של הלל,הלל,הרצלייה,178,6.6,16.4,32.5,13,9,22.6,94.9,0.2,4.9,תות,94.5
2022,10,13,5,י״ח בתשרי ה'תשפ״ג,1,סוכות ד׳ (חוה״מ),הגלידריה של הלל,הלל,הרצלייה,178,6.6,16.4,32.5,13,9,22.6,94.9,0.2,4.9,בננה,41.4
2022,10,13,5,י״ח בתשרי ה'תשפ״ג,1,סוכות ד׳ (חוה״מ),הגלידריה של הלל,הלל,הרצלייה,178,6.6,16.4,32.5,13,9,22.6,94.9,0.2,4.9,פיסטוק,92.8
2022,10,13,5,י״ח בתשרי ה'תשפ״ג,1,סוכות ד׳ (חוה״מ),הגלידריה של תחיה,תחיה,תל אביב -יפו,178,6,12.9,39.3,12.5,8.8,20.5,89.8,4.8,5.4,שוקולד,20
2022,10,13,5,י״ח בתשרי ה'תשפ״ג,1,סוכות ד׳ (חוה״מ),הגלידריה של תחיה,תחיה,תל אביב -יפו,178,6,12.9,39.3,12.5,8.8,20.5,89.8,4.8,5.4,וניל,60.5
2022,10,13,5,י״ח בתשרי ה'תשפ״ג,1,סוכות ד׳ (חוה״מ),הגלידריה של תחיה,תחיה,תל אביב -יפו,178,6,12.9,39.3,12.5,8.8,20.5,89.8,4.8,5.4,תות,23.3
2022,10,13,5,י״ח בתשרי ה'תשפ״ג,1,סוכות ד׳ (חוה״מ),הגלידריה של תחיה,תחיה,תל אביב -יפו,178,6,12.9,39.3,12.5,8.8,20.5,89.8,4.8,5.4,בננה,80.2
2022,10,13,5,י״ח בתשרי ה'תשפ״ג,1,סוכות ד׳ (חוה״מ),הגלידריה של תחיה,תחיה,תל אביב -יפו,178,6,12.9,39.3,12.5,8.8,20.5,89.8,4.8,5.4,פיסטוק,2.1
2022,10,14,6,י״ט בתשרי ה'תשפ״ג,0.5,סוכות ה׳ (חוה״מ),הגלידריה של אסתר,אסתר,אריאל,21,6.7,18.3,35.3,12.1,10.8,16.9,78.2,2.9,18.9,שוקולד,19.1
2022,10,14,6,י״ט בתשרי ה'תשפ״ג,0.5,סוכות ה׳ (חוה״מ),הגלידריה של אסתר,אסתר,אריאל,21,6.7,18.3,35.3,12.1,10.8,16.9,78.2,2.9,18.9,וניל,45.5
2022,10,14,6,י״ט בתשרי ה'תשפ״ג,0.5,סוכות ה׳ (חוה״מ),הגלידריה של אסתר,אסתר,אריאל,21,6.7,18.3,35.3,12.1,10.8,16.9,78.2,2.9,18.9,תות,28.6
2022,10,14,6,י״ט בתשרי ה'תשפ״ג,0.5,סוכות ה׳ (חוה״מ),הגלידריה של אסתר,אסתר,אריאל,21,6.7,18.3,35.3,12.1,10.8,16.9,78.2,2.9,18.9,בננה,14.7
2022,10,14,6,י״ט בתשרי ה'תשפ״ג,0.5,סוכות ה׳ (חוה״מ),הגלידריה של אסתר,אסתר,אריאל,21,6.7,18.3,35.3,12.1,10.8,16.9,78.2,2.9,18.9,פיסטוק,32.6
2022,10,14,6,י״ט בתשרי ה'תשפ״ג,0.5,סוכות ה׳ (חוה״מ),הגלידריה של הלל,הלל,הרצלייה,178,6.6,16.4,32.5,13,9,22.6,94.9,0.2,4.9,שוקולד,12.5
2022,10,14,6,י״ט בתשרי ה'תשפ״ג,0.5,סוכות ה׳ (חוה״מ),הגלידריה של הלל,הלל,הרצלייה,178,6.6,16.4,32.5,13,9,22.6,94.9,0.2,4.9,וניל,35.8
2022,10,14,6,י״ט בתשרי ה'תשפ״ג,0.5,סוכות ה׳ (חוה״מ),הגלידריה של הלל,הלל,הרצלייה,178,6.6,16.4,32.5,13,9,22.6,94.9,0.2,4.9,תות,42
2022,10,14,6,י״ט בתשרי ה'תשפ״ג,0.5,סוכות ה׳ (חוה״מ),הגלידריה של הלל,הלל,הרצלייה,178,6.6,16.4,32.5,13,9,22.6,94.9,0.2,4.9,בננה,6.2
2022,10,14,6,י״ט בתשרי ה'תשפ״ג,0.5,סוכות ה׳ (חוה״מ),הגלידריה של הלל,הלל,הרצלייה,178,6.6,16.4,32.5,13,9,22.6,94.9,0.2,4.9,פיסטוק,12.6
2022,10,14,6,י״ט בתשרי ה'תשפ״ג,0.5,סוכות ה׳ (חוה״מ),הגלידריה של תחיה,תחיה,תל אביב -יפו,178,6,12.9,39.3,12.5,8.8,20.5,89.8,4.8,5.4,שוקולד,16
2022,10,14,6,י״ט בתשרי ה'תשפ״ג,0.5,סוכות ה׳ (חוה״מ),הגלידריה של תחיה,תחיה,תל אביב -יפו,178,6,12.9,39.3,12.5,8.8,20.5,89.8,4.8,5.4,וניל,21.1
2022,10,14,6,י״ט בתשרי ה'תשפ״ג,0.5,סוכות ה׳ (חוה״מ),הגלידריה של תחיה,תחיה,תל אביב -יפו,178,6,12.9,39.3,12.5,8.8,20.5,89.8,4.8,5.4,תות,9.3
2022,10,14,6,י״ט בתשרי ה'תשפ״ג,0.5,סוכות ה׳ (חוה״מ),הגלידריה של תחיה,תחיה,תל אביב -יפו,178,6,12.9,39.3,12.5,8.8,20.5,89.8,4.8,5.4,בננה,20.7
2022,10,14,6,י״ט בתשרי ה'תשפ״ג,0.5,סוכות ה׳ (חוה״מ),הגלידריה של תחיה,תחיה,תל אביב -יפו,178,6,12.9,39.3,12.5,8.8,20.5,89.8,4.8,5.4,פיסטוק,26
2022,10,15,7,כ׳ בתשרי ה'תשפ״ג,0,סוכות ו׳ (חוה״מ),הגלידריה של אסתר,אסתר,אריאל,21,6.7,18.3,35.3,12.1,10.8,16.9,78.2,2.9,18.9,שוקולד,0
2022,10,15,7,כ׳ בתשרי ה'תשפ״ג,0,סוכות ו׳ (חוה״מ),הגלידריה של אסתר,אסתר,אריאל,21,6.7,18.3,35.3,12.1,10.8,16.9,78.2,2.9,18.9,וניל,0
2022,10,15,7,כ׳ בתשרי ה'תשפ״ג,0,סוכות ו׳ (חוה״מ),הגלידריה של אסתר,אסתר,אריאל,21,6.7,18.3,35.3,12.1,10.8,16.9,78.2,2.9,18.9,תות,0
2022,10,15,7,כ׳ בתשרי ה'תשפ״ג,0,סוכות ו׳ (חוה״מ),הגלידריה של אסתר,אסתר,אריאל,21,6.7,18.3,35.3,12.1,10.8,16.9,78.2,2.9,18.9,בננה,0
2022,10,15,7,כ׳ בתשרי ה'תשפ״ג,0,סוכות ו׳ (חוה״מ),הגלידריה של אסתר,אסתר,אריאל,21,6.7,18.3,35.3,12.1,10.8,16.9,78.2,2.9,18.9,פיסטוק,0
2022,10,15,7,כ׳ בתשרי ה'תשפ״ג,0,סוכות ו׳ (חוה״מ),הגלידריה של הלל,הלל,הרצלייה,178,6.6,16.4,32.5,13,9,22.6,94.9,0.2,4.9,שוקולד,0
2022,10,15,7,כ׳ בתשרי ה'תשפ״ג,0,סוכות ו׳ (חוה״מ),הגלידריה של הלל,הלל,הרצלייה,178,6.6,16.4,32.5,13,9,22.6,94.9,0.2,4.9,וניל,0
2022,10,15,7,כ׳ בתשרי ה'תשפ״ג,0,סוכות ו׳ (חוה״מ),הגלידריה של הלל,הלל,הרצלייה,178,6.6,16.4,32.5,13,9,22.6,94.9,0.2,4.9,תות,0
2022,10,15,7,כ׳ בתשרי ה'תשפ״ג,0,סוכות ו׳ (חוה״מ),הגלידריה של הלל,הלל,הרצלייה,178,6.6,16.4,32.5,13,9,22.6,94.9,0.2,4.9,בננה,0
2022,10,15,7,כ׳ בתשרי ה'תשפ״ג,0,סוכות ו׳ (חוה״מ),הגלידריה של הלל,הלל,הרצלייה,178,6.6,16.4,32.5,13,9,22.6,94.9,0.2,4.9,פיסטוק,0
2022,10,15,7,כ׳ בתשרי ה'תשפ״ג,0,סוכות ו׳ (חוה״מ),הגלידריה של תחיה,תחיה,תל אביב -יפו,178,6,12.9,39.3,12.5,8.8,20.5,89.8,4.8,5.4,שוקולד,0
2022,10,15,7,כ׳ בתשרי ה'תשפ״ג,0,סוכות ו׳ (חוה״מ),הגלידריה של תחיה,תחיה,תל אביב -יפו,178,6,12.9,39.3,12.5,8.8,20.5,89.8,4.8,5.4,וניל,0
2022,10,15,7,כ׳ בתשרי ה'תשפ״ג,0,סוכות ו׳ (חוה״מ),הגלידריה של תחיה,תחיה,תל אביב -יפו,178,6,12.9,39.3,12.5,8.8,20.5,89.8,4.8,5.4,תות,0
2022,10,15,7,כ׳ בתשרי ה'תשפ״ג,0,סוכות ו׳ (חוה״מ),הגלידריה של תחיה,תחיה,תל אביב -יפו,178,6,12.9,39.3,12.5,8.8,20.5,89.8,4.8,5.4,בננה,0
2022,10,15,7,כ׳ בתשרי ה'תשפ״ג,0,סוכות ו׳ (חוה״מ),הגלידריה של תחיה,תחיה,תל אביב -יפו,178,6,12.9,39.3,12.5,8.8,20.5,89.8,4.8,5.4,פיסטוק,0
2022,10,16,1,כ״א בתשרי ה'תשפ״ג,1,סוכות ז׳ (הושענא רבה),הגלידריה של אסתר,אסתר,אריאל,21,6.7,18.3,35.3,12.1,10.8,16.9,78.2,2.9,18.9,שוקולד,55.2
2022,10,16,1,כ״א בתשרי ה'תשפ״ג,1,סוכות ז׳ (הושענא רבה),הגלידריה של אסתר,אסתר,אריאל,21,6.7,18.3,35.3,12.1,10.8,16.9,78.2,2.9,18.9,וניל,24.1
2022,10,16,1,כ״א בתשרי ה'תשפ״ג,1,סוכות ז׳ (הושענא רבה),הגלידריה של אסתר,אסתר,אריאל,21,6.7,18.3,35.3,12.1,10.8,16.9,78.2,2.9,18.9,תות,54.7
2022,10,16,1,כ״א בתשרי ה'תשפ״ג,1,סוכות ז׳ (הושענא רבה),הגלידריה של אסתר,אסתר,אריאל,21,6.7,18.3,35.3,12.1,10.8,16.9,78.2,2.9,18.9,בננה,29.5
2022,10,16,1,כ״א בתשרי ה'תשפ״ג,1,סוכות ז׳ (הושענא רבה),הגלידריה של אסתר,אסתר,אריאל,21,6.7,18.3,35.3,12.1,10.8,16.9,78.2,2.9,18.9,פיסטוק,10.8
2022,10,16,1,כ״א בתשרי ה'תשפ״ג,1,סוכות ז׳ (הושענא רבה),הגלידריה של הלל,הלל,הרצלייה,178,6.6,16.4,32.5,13,9,22.6,94.9,0.2,4.9,שוקולד,96.2
2022,10,16,1,כ״א בתשרי ה'תשפ״ג,1,סוכות ז׳ (הושענא רבה),הגלידריה של הלל,הלל,הרצלייה,178,6.6,16.4,32.5,13,9,22.6,94.9,0.2,4.9,וניל,49.5
2022,10,16,1,כ״א בתשרי ה'תשפ״ג,1,סוכות ז׳ (הושענא רבה),הגלידריה של הלל,הלל,הרצלייה,178,6.6,16.4,32.5,13,9,22.6,94.9,0.2,4.9,תות,81.8
2022,10,16,1,כ״א בתשרי ה'תשפ״ג,1,סוכות ז׳ (הושענא רבה),הגלידריה של הלל,הלל,הרצלייה,178,6.6,16.4,32.5,13,9,22.6,94.9,0.2,4.9,בננה,39.3
2022,10,16,1,כ״א בתשרי ה'תשפ״ג,1,סוכות ז׳ (הושענא רבה),הגלידריה של הלל,הלל,הרצלייה,178,6.6,16.4,32.5,13,9,22.6,94.9,0.2,4.9,פיסטוק,27
2022,10,16,1,כ״א בתשרי ה'תשפ״ג,1,סוכות ז׳ (הושענא רבה),הגלידריה של תחיה,תחיה,תל אביב -יפו,178,6,12.9,39.3,12.5,8.8,20.5,89.8,4.8,5.4,שוקולד,24.8
2022,10,16,1,כ״א בתשרי ה'תשפ״ג,1,סוכות ז׳ (הושענא רבה),הגלידריה של תחיה,תחיה,תל אביב -יפו,178,6,12.9,39.3,12.5,8.8,20.5,89.8,4.8,5.4,וניל,48.6
2022,10,16,1,כ״א בתשרי ה'תשפ״ג,1,סוכות ז׳ (הושענא רבה),הגלידריה של תחיה,תחיה,תל אביב -יפו,178,6,12.9,39.3,12.5,8.8,20.5,89.8,4.8,5.4,תות,7.6
2022,10,16,1,כ״א בתשרי ה'תשפ״ג,1,סוכות ז׳ (הושענא רבה),הגלידריה של תחיה,תחיה,תל אביב -יפו,178,6,12.9,39.3,12.5,8.8,20.5,89.8,4.8,5.4,בננה,84
2022,10,16,1,כ״א בתשרי ה'תשפ״ג,1,סוכות ז׳ (הושענא רבה),הגלידריה של תחיה,תחיה,תל אביב -יפו,178,6,12.9,39.3,12.5,8.8,20.5,89.8,4.8,5.4,פיסטוק,93.2
2022,10,17,2,כ״ב בתשרי ה'תשפ״ג,0,שמיני עצרת,הגלידריה של אסתר,אסתר,אריאל,21,6.7,18.3,35.3,12.1,10.8,16.9,78.2,2.9,18.9,שוקולד,0
2022,10,17,2,כ״ב בתשרי ה'תשפ״ג,0,שמיני עצרת,הגלידריה של אסתר,אסתר,אריאל,21,6.7,18.3,35.3,12.1,10.8,16.9,78.2,2.9,18.9,וניל,0
2022,10,17,2,כ״ב בתשרי ה'תשפ״ג,0,שמיני עצרת,הגלידריה של אסתר,אסתר,אריאל,21,6.7,18.3,35.3,12.1,10.8,16.9,78.2,2.9,18.9,תות,0
2022,10,17,2,כ״ב בתשרי ה'תשפ״ג,0,שמיני עצרת,הגלידריה של אסתר,אסתר,אריאל,21,6.7,18.3,35.3,12.1,10.8,16.9,78.2,2.9,18.9,בננה,0
2022,10,17,2,כ״ב בתשרי ה'תשפ״ג,0,שמיני עצרת,הגלידריה של אסתר,אסתר,אריאל,21,6.7,18.3,35.3,12.1,10.8,16.9,78.2,2.9,18.9,פיסטוק,0
2022,10,17,2,כ״ב בתשרי ה'תשפ״ג,0,שמיני עצרת,הגלידריה של הלל,הלל,הרצלייה,178,6.6,16.4,32.5,13,9,22.6,94.9,0.2,4.9,שוקולד,0
2022,10,17,2,כ״ב בתשרי ה'תשפ״ג,0,שמיני עצרת,הגלידריה של הלל,הלל,הרצלייה,178,6.6,16.4,32.5,13,9,22.6,94.9,0.2,4.9,וניל,0
2022,10,17,2,כ״ב בתשרי ה'תשפ״ג,0,שמיני עצרת,הגלידריה של הלל,הלל,הרצלייה,178,6.6,16.4,32.5,13,9,22.6,94.9,0.2,4.9,תות,0
2022,10,17,2,כ״ב בתשרי ה'תשפ״ג,0,שמיני עצרת,הגלידריה של הלל,הלל,הרצלייה,178,6.6,16.4,32.5,13,9,22.6,94.9,0.2,4.9,בננה,0
2022,10,17,2,כ״ב בתשרי ה'תשפ״ג,0,שמיני עצרת,הגלידריה של הלל,הלל,הרצלייה,178,6.6,16.4,32.5,13,9,22.6,94.9,0.2,4.9,פיסטוק,0
2022,10,17,2,כ״ב בתשרי ה'תשפ״ג,0,שמיני עצרת,הגלידריה של תחיה,תחיה,תל אביב -יפו,178,6,12.9,39.3,12.5,8.8,20.5,89.8,4.8,5.4,שוקולד,0
2022,10,17,2,כ״ב בתשרי ה'תשפ״ג,0,שמיני עצרת,הגלידריה של תחיה,תחיה,תל אביב -יפו,178,6,12.9,39.3,12.5,8.8,20.5,89.8,4.8,5.4,וניל,0
2022,10,17,2,כ״ב בתשרי ה'תשפ״ג,0,שמיני עצרת,הגלידריה של תחיה,תחיה,תל אביב -יפו,178,6,12.9,39.3,12.5,8.8,20.5,89.8,4.8,5.4,תות,0
2022,10,17,2,כ״ב בתשרי ה'תשפ״ג,0,שמיני עצרת,הגלידריה של תחיה,תחיה,תל אביב -יפו,178,6,12.9,39.3,12.5,8.8,20.5,89.8,4.8,5.4,בננה,0
2022,10,17,2,כ״ב בתשרי ה'תשפ״ג,0,שמיני עצרת,הגלידריה של תחיה,תחיה,תל אביב -יפו,178,6,12.9,39.3,12.5,8.8,20.5,89.8,4.8,5.4,פיסטוק,0
2022,10,18,3,כ״ג בתשרי ה'תשפ״ג,1,,הגלידריה של אסתר,אסתר,אריאל,21,6.7,18.3,35.3,12.1,10.8,16.9,78.2,2.9,18.9,שוקולד,21.4
2022,10,18,3,כ״ג בתשרי ה'תשפ״ג,1,,הגלידריה של אסתר,אסתר,אריאל,21,6.7,18.3,35.3,12.1,10.8,16.9,78.2,2.9,18.9,וניל,67
2022,10,18,3,כ״ג בתשרי ה'תשפ״ג,1,,הגלידריה של אסתר,אסתר,אריאל,21,6.7,18.3,35.3,12.1,10.8,16.9,78.2,2.9,18.9,תות,77.2
2022,10,18,3,כ״ג בתשרי ה'תשפ״ג,1,,הגלידריה של אסתר,אסתר,אריאל,21,6.7,18.3,35.3,12.1,10.8,16.9,78.2,2.9,18.9,בננה,79.4
2022,10,18,3,כ״ג בתשרי ה'תשפ״ג,1,,הגלידריה של אסתר,אסתר,אריאל,21,6.7,18.3,35.3,12.1,10.8,16.9,78.2,2.9,18.9,פיסטוק,14.1
2022,10,18,3,כ״ג בתשרי ה'תשפ״ג,1,,הגלידריה של הלל,הלל,הרצלייה,178,6.6,16.4,32.5,13,9,22.6,94.9,0.2,4.9,שוקולד,45.8
2022,10,18,3,כ״ג בתשרי ה'תשפ״ג,1,,הגלידריה של הלל,הלל,הרצלייה,178,6.6,16.4,32.5,13,9,22.6,94.9,0.2,4.9,וניל,61.8
2022,10,18,3,כ״ג בתשרי ה'תשפ״ג,1,,הגלידריה של הלל,הלל,הרצלייה,178,6.6,16.4,32.5,13,9,22.6,94.9,0.2,4.9,תות,49
2022,10,18,3,כ״ג בתשרי ה'תשפ״ג,1,,הגלידריה של הלל,הלל,הרצלייה,178,6.6,16.4,32.5,13,9,22.6,94.9,0.2,4.9,בננה,81.1
2022,10,18,3,כ״ג בתשרי ה'תשפ״ג,1,,הגלידריה של הלל,הלל,הרצלייה,178,6.6,16.4,32.5,13,9,22.6,94.9,0.2,4.9,פיסטוק,41.7
2022,10,18,3,כ״ג בתשרי ה'תשפ״ג,1,,הגלידריה של תחיה,תחיה,תל אביב -יפו,178,6,12.9,39.3,12.5,8.8,20.5,89.8,4.8,5.4,שוקולד,28
2022,10,18,3,כ״ג בתשרי ה'תשפ״ג,1,,הגלידריה של תחיה,תחיה,תל אביב -יפו,178,6,12.9,39.3,12.5,8.8,20.5,89.8,4.8,5.4,וניל,80
2022,10,18,3,כ״ג בתשרי ה'תשפ״ג,1,,הגלידריה של תחיה,תחיה,תל אביב -יפו,178,6,12.9,39.3,12.5,8.8,20.5,89.8,4.8,5.4,תות,58.2
2022,10,18,3,כ״ג בתשרי ה'תשפ״ג,1,,הגלידריה של תחיה,תחיה,תל אביב -יפו,178,6,12.9,39.3,12.5,8.8,20.5,89.8,4.8,5.4,בננה,13.8
2022,10,18,3,כ״ג בתשרי ה'תשפ״ג,1,,הגלידריה של תחיה,תחיה,תל אביב -יפו,178,6,12.9,39.3,12.5,8.8,20.5,89.8,4.8,5.4,פיסטוק,33.6
2022,10,19,4,כ״ד בתשרי ה'תשפ״ג,1,,הגלידריה של אסתר,אסתר,אריאל,21,6.7,18.3,35.3,12.1,10.8,16.9,78.2,2.9,18.9,שוקולד,82.9
2022,10,19,4,כ״ד בתשרי ה'תשפ״ג,1,,הגלידריה של אסתר,אסתר,אריאל,21,6.7,18.3,35.3,12.1,10.8,16.9,78.2,2.9,18.9,וניל,85.9
2022,10,19,4,כ״ד בתשרי ה'תשפ״ג,1,,הגלידריה של אסתר,אסתר,אריאל,21,6.7,18.3,35.3,12.1,10.8,16.9,78.2,2.9,18.9,תות,28.2
2022,10,19,4,כ״ד בתשרי ה'תשפ״ג,1,,הגלידריה של אסתר,אסתר,אריאל,21,6.7,18.3,35.3,12.1,10.8,16.9,78.2,2.9,18.9,בננה,63.1
2022,10,19,4,כ״ד בתשרי ה'תשפ״ג,1,,הגלידריה של אסתר,אסתר,אריאל,21,6.7,18.3,35.3,12.1,10.8,16.9,78.2,2.9,18.9,פיסטוק,73
2022,10,19,4,כ״ד בתשרי ה'תשפ״ג,1,,הגלידריה של הלל,הלל,הרצלייה,178,6.6,16.4,32.5,13,9,22.6,94.9,0.2,4.9,שוקולד,31.7
2022,10,19,4,כ״ד בתשרי ה'תשפ״ג,1,,הגלידריה של הלל,הלל,הרצלייה,178,6.6,16.4,32.5,13,9,22.6,94.9,0.2,4.9,וניל,34.1
2022,10,19,4,כ״ד בתשרי ה'תשפ״ג,1,,הגלידריה של הלל,הלל,הרצלייה,178,6.6,16.4,32.5,13,9,22.6,94.9,0.2,4.9,תות,16.1
2022,10,19,4,כ״ד בתשרי ה'תשפ״ג,1,,הגלידריה של הלל,הלל,הרצלייה,178,6.6,16.4,32.5,13,9,22.6,94.9,0.2,4.9,בננה,6.5
2022,10,19,4,כ״ד בתשרי ה'תשפ״ג,1,,הגלידריה של הלל,הלל,הרצלייה,178,6.6,16.4,32.5,13,9,22.6,94.9,0.2,4.9,פיסטוק,27.7
2022,10,19,4,כ״ד בתשרי ה'תשפ״ג,1,,הגלידריה של תחיה,תחיה,תל אביב -יפו,178,6,12.9,39.3,12.5,8.8,20.5,89.8,4.8,5.4,שוקולד,10.6
2022,10,19,4,כ״ד בתשרי ה'תשפ״ג,1,,הגלידריה של תחיה,תחיה,תל אביב -יפו,178,6,12.9,39.3,12.5,8.8,20.5,89.8,4.8,5.4,וניל,11.2
2022,10,19,4,כ״ד בתשרי ה'תשפ״ג,1,,הגלידריה של תחיה,תחיה,תל אביב -יפו,178,6,12.9,39.3,12.5,8.8,20.5,89.8,4.8,5.4,תות,30.7
2022,10,19,4,כ״ד בתשרי ה'תשפ״ג,1,,הגלידריה של תחיה,תחיה,תל אביב -יפו,178,6,12.9,39.3,12.5,8.8,20.5,89.8,4.8,5.4,בננה,8
2022,10,19,4,כ״ד בתשרי ה'תשפ״ג,1,,הגלידריה של תחיה,תחיה,תל אביב -יפו,178,6,12.9,39.3,12.5,8.8,20.5,89.8,4.8,5.4,פיסטוק,85.3
2022,10,20,5,כ״ה בתשרי ה'תשפ״ג,1,,הגלידריה של אסתר,אסתר,אריאל,21,6.7,18.3,35.3,12.1,10.8,16.9,78.2,2.9,18.9,שוקולד,44.5
2022,10,20,5,כ״ה בתשרי ה'תשפ״ג,1,,הגלידריה של אסתר,אסתר,אריאל,21,6.7,18.3,35.3,12.1,10.8,16.9,78.2,2.9,18.9,וניל,1
2022,10,20,5,כ״ה בתשרי ה'תשפ״ג,1,,הגלידריה של אסתר,אסתר,אריאל,21,6.7,18.3,35.3,12.1,10.8,16.9,78.2,2.9,18.9,תות,92.5
2022,10,20,5,כ״ה בתשרי ה'תשפ״ג,1,,הגלידריה של אסתר,אסתר,אריאל,21,6.7,18.3,35.3,12.1,10.8,16.9,78.2,2.9,18.9,בננה,3.5
2022,10,20,5,כ״ה בתשרי ה'תשפ״ג,1,,הגלידריה של אסתר,אסתר,אריאל,21,6.7,18.3,35.3,12.1,10.8,16.9,78.2,2.9,18.9,פיסטוק,57
2022,10,20,5,כ״ה בתשרי ה'תשפ״ג,1,,הגלידריה של הלל,הלל,הרצלייה,178,6.6,16.4,32.5,13,9,22.6,94.9,0.2,4.9,שוקולד,5.5
2022,10,20,5,כ״ה בתשרי ה'תשפ״ג,1,,הגלידריה של הלל,הלל,הרצלייה,178,6.6,16.4,32.5,13,9,22.6,94.9,0.2,4.9,וניל,92.1
2022,10,20,5,כ״ה בתשרי ה'תשפ״ג,1,,הגלידריה של הלל,הלל,הרצלייה,178,6.6,16.4,32.5,13,9,22.6,94.9,0.2,4.9,תות,98.4
2022,10,20,5,כ״ה בתשרי ה'תשפ״ג,1,,הגלידריה של הלל,הלל,הרצלייה,178,6.6,16.4,32.5,13,9,22.6,94.9,0.2,4.9,בננה,74.7
2022,10,20,5,כ״ה בתשרי ה'תשפ״ג,1,,הגלידריה של הלל,הלל,הרצלייה,178,6.6,16.4,32.5,13,9,22.6,94.9,0.2,4.9,פיסטוק,72.1
2022,10,20,5,כ״ה בתשרי ה'תשפ״ג,1,,הגלידריה של תחיה,תחיה,תל אביב -יפו,178,6,12.9,39.3,12.5,8.8,20.5,89.8,4.8,5.4,שוקולד,46.2
2022,10,20,5,כ״ה בתשרי ה'תשפ״ג,1,,הגלידריה של תחיה,תחיה,תל אביב -יפו,178,6,12.9,39.3,12.5,8.8,20.5,89.8,4.8,5.4,וניל,52.5
2022,10,20,5,כ״ה בתשרי ה'תשפ״ג,1,,הגלידריה של תחיה,תחיה,תל אביב -יפו,178,6,12.9,39.3,12.5,8.8,20.5,89.8,4.8,5.4,תות,13
2022,10,20,5,כ״ה בתשרי ה'תשפ״ג,1,,הגלידריה של תחיה,תחיה,תל אביב -יפו,178,6,12.9,39.3,12.5,8.8,20.5,89.8,4.8,5.4,בננה,6.5
2022,10,20,5,כ״ה בתשרי ה'תשפ״ג,1,,הגלידריה של תחיה,תחיה,תל אביב -יפו,178,6,12.9,39.3,12.5,8.8,20.5,89.8,4.8,5.4,פיסטוק,94.8
2022,10,21,6,כ״ו בתשרי ה'תשפ״ג,0.5,,הגלידריה של אסתר,אסתר,אריאל,21,6.7,18.3,35.3,12.1,10.8,16.9,78.2,2.9,18.9,שוקולד,33.6
2022,10,21,6,כ״ו בתשרי ה'תשפ״ג,0.5,,הגלידריה של אסתר,אסתר,אריאל,21,6.7,18.3,35.3,12.1,10.8,16.9,78.2,2.9,18.9,וניל,46.7
2022,10,21,6,כ״ו בתשרי ה'תשפ״ג,0.5,,הגלידריה של אסתר,אסתר,אריאל,21,6.7,18.3,35.3,12.1,10.8,16.9,78.2,2.9,18.9,תות,17.4
2022,10,21,6,כ״ו בתשרי ה'תשפ״ג,0.5,,הגלידריה של אסתר,אסתר,אריאל,21,6.7,18.3,35.3,12.1,10.8,16.9,78.2,2.9,18.9,בננה,38.4
2022,10,21,6,כ״ו בתשרי ה'תשפ״ג,0.5,,הגלידריה של אסתר,אסתר,אריאל,21,6.7,18.3,35.3,12.1,10.8,16.9,78.2,2.9,18.9,פיסטוק,3
2022,10,21,6,כ״ו בתשרי ה'תשפ״ג,0.5,,הגלידריה של הלל,הלל,הרצלייה,178,6.6,16.4,32.5,13,9,22.6,94.9,0.2,4.9,שוקולד,38.7
2022,10,21,6,כ״ו בתשרי ה'תשפ״ג,0.5,,הגלידריה של הלל,הלל,הרצלייה,178,6.6,16.4,32.5,13,9,22.6,94.9,0.2,4.9,וניל,44.6
2022,10,21,6,כ״ו בתשרי ה'תשפ״ג,0.5,,הגלידריה של הלל,הלל,הרצלייה,178,6.6,16.4,32.5,13,9,22.6,94.9,0.2,4.9,תות,3.3
2022,10,21,6,כ״ו בתשרי ה'תשפ״ג,0.5,,הגלידריה של הלל,הלל,הרצלייה,178,6.6,16.4,32.5,13,9,22.6,94.9,0.2,4.9,בננה,5
2022,10,21,6,כ״ו בתשרי ה'תשפ״ג,0.5,,הגלידריה של הלל,הלל,הרצלייה,178,6.6,16.4,32.5,13,9,22.6,94.9,0.2,4.9,פיסטוק,48.1
2022,10,21,6,כ״ו בתשרי ה'תשפ״ג,0.5,,הגלידריה של תחיה,תחיה,תל אביב -יפו,178,6,12.9,39.3,12.5,8.8,20.5,89.8,4.8,5.4,שוקולד,48.2
2022,10,21,6,כ״ו בתשרי ה'תשפ״ג,0.5,,הגלידריה של תחיה,תחיה,תל אביב -יפו,178,6,12.9,39.3,12.5,8.8,20.5,89.8,4.8,5.4,וניל,32.4
2022,10,21,6,כ״ו בתשרי ה'תשפ״ג,0.5,,הגלידריה של תחיה,תחיה,תל אביב -יפו,178,6,12.9,39.3,12.5,8.8,20.5,89.8,4.8,5.4,תות,30.6
2022,10,21,6,כ״ו בתשרי ה'תשפ״ג,0.5,,הגלידריה של תחיה,תחיה,תל אביב -יפו,178,6,12.9,39.3,12.5,8.8,20.5,89.8,4.8,5.4,בננה,7.5
2022,10,21,6,כ״ו בתשרי ה'תשפ״ג,0.5,,הגלידריה של תחיה,תחיה,תל אביב -יפו,178,6,12.9,39.3,12.5,8.8,20.5,89.8,4.8,5.4,פיסטוק,14.5
2022,10,22,7,כ״ז בתשרי ה'תשפ״ג,0,שבת מברכים חודש חשון | פרשת בראשית,הגלידריה של אסתר,אסתר,אריאל,21,6.7,18.3,35.3,12.1,10.8,16.9,78.2,2.9,18.9,שוקולד,0
2022,10,22,7,כ״ז בתשרי ה'תשפ״ג,0,שבת מברכים חודש חשון | פרשת בראשית,הגלידריה של אסתר,אסתר,אריאל,21,6.7,18.3,35.3,12.1,10.8,16.9,78.2,2.9,18.9,וניל,0
2022,10,22,7,כ״ז בתשרי ה'תשפ״ג,0,שבת מברכים חודש חשון | פרשת בראשית,הגלידריה של אסתר,אסתר,אריאל,21,6.7,18.3,35.3,12.1,10.8,16.9,78.2,2.9,18.9,תות,0
2022,10,22,7,כ״ז בתשרי ה'תשפ״ג,0,שבת מברכים חודש חשון | פרשת בראשית,הגלידריה של אסתר,אסתר,אריאל,21,6.7,18.3,35.3,12.1,10.8,16.9,78.2,2.9,18.9,בננה,0
2022,10,22,7,כ״ז בתשרי ה'תשפ״ג,0,שבת מברכים חודש חשון | פרשת בראשית,הגלידריה של אסתר,אסתר,אריאל,21,6.7,18.3,35.3,12.1,10.8,16.9,78.2,2.9,18.9,פיסטוק,0
2022,10,22,7,כ״ז בתשרי ה'תשפ״ג,0,שבת מברכים חודש חשון | פרשת בראשית,הגלידריה של הלל,הלל,הרצלייה,178,6.6,16.4,32.5,13,9,22.6,94.9,0.2,4.9,שוקולד,0
2022,10,22,7,כ״ז בתשרי ה'תשפ״ג,0,שבת מברכים חודש חשון | פרשת בראשית,הגלידריה של הלל,הלל,הרצלייה,178,6.6,16.4,32.5,13,9,22.6,94.9,0.2,4.9,וניל,0
2022,10,22,7,כ״ז בתשרי ה'תשפ״ג,0,שבת מברכים חודש חשון | פרשת בראשית,הגלידריה של הלל,הלל,הרצלייה,178,6.6,16.4,32.5,13,9,22.6,94.9,0.2,4.9,תות,0
2022,10,22,7,כ״ז בתשרי ה'תשפ״ג,0,שבת מברכים חודש חשון | פרשת בראשית,הגלידריה של הלל,הלל,הרצלייה,178,6.6,16.4,32.5,13,9,22.6,94.9,0.2,4.9,בננה,0
2022,10,22,7,כ״ז בתשרי ה'תשפ״ג,0,שבת מברכים חודש חשון | פרשת בראשית,הגלידריה של הלל,הלל,הרצלייה,178,6.6,16.4,32.5,13,9,22.6,94.9,0.2,4.9,פיסטוק,0
2022,10,22,7,כ״ז בתשרי ה'תשפ״ג,0,שבת מברכים חודש חשון | פרשת בראשית,הגלידריה של תחיה,תחיה,תל אביב -יפו,178,6,12.9,39.3,12.5,8.8,20.5,89.8,4.8,5.4,שוקולד,0
2022,10,22,7,כ״ז בתשרי ה'תשפ״ג,0,שבת מברכים חודש חשון | פרשת בראשית,הגלידריה של תחיה,תחיה,תל אביב -יפו,178,6,12.9,39.3,12.5,8.8,20.5,89.8,4.8,5.4,וניל,0
2022,10,22,7,כ״ז בתשרי ה'תשפ״ג,0,שבת מברכים חודש חשון | פרשת בראשית,הגלידריה של תחיה,תחיה,תל אביב -יפו,178,6,12.9,39.3,12.5,8.8,20.5,89.8,4.8,5.4,תות,0
2022,10,22,7,כ״ז בתשרי ה'תשפ״ג,0,שבת מברכים חודש חשון | פרשת בראשית,הגלידריה של תחיה,תחיה,תל אביב -יפו,178,6,12.9,39.3,12.5,8.8,20.5,89.8,4.8,5.4,בננה,0
2022,10,22,7,כ״ז בתשרי ה'תשפ״ג,0,שבת מברכים חודש חשון | פרשת בראשית,הגלידריה של תחיה,תחיה,תל אביב -יפו,178,6,12.9,39.3,12.5,8.8,20.5,89.8,4.8,5.4,פיסטוק,0
2022,10,23,1,כ״ח בתשרי ה'תשפ״ג,1,,הגלידריה של אסתר,אסתר,אריאל,21,6.7,18.3,35.3,12.1,10.8,16.9,78.2,2.9,18.9,שוקולד,57.9
2022,10,23,1,כ״ח בתשרי ה'תשפ״ג,1,,הגלידריה של אסתר,אסתר,אריאל,21,6.7,18.3,35.3,12.1,10.8,16.9,78.2,2.9,18.9,וניל,7.3
2022,10,23,1,כ״ח בתשרי ה'תשפ״ג,1,,הגלידריה של אסתר,אסתר,אריאל,21,6.7,18.3,35.3,12.1,10.8,16.9,78.2,2.9,18.9,תות,12.8
2022,10,23,1,כ״ח בתשרי ה'תשפ״ג,1,,הגלידריה של אסתר,אסתר,אריאל,21,6.7,18.3,35.3,12.1,10.8,16.9,78.2,2.9,18.9,בננה,89.8
2022,10,23,1,כ״ח בתשרי ה'תשפ״ג,1,,הגלידריה של אסתר,אסתר,אריאל,21,6.7,18.3,35.3,12.1,10.8,16.9,78.2,2.9,18.9,פיסטוק,50.7
2022,10,23,1,כ״ח בתשרי ה'תשפ״ג,1,,הגלידריה של הלל,הלל,הרצלייה,178,6.6,16.4,32.5,13,9,22.6,94.9,0.2,4.9,שוקולד,91.9
2022,10,23,1,כ״ח בתשרי ה'תשפ״ג,1,,הגלידריה של הלל,הלל,הרצלייה,178,6.6,16.4,32.5,13,9,22.6,94.9,0.2,4.9,וניל,28.5
2022,10,23,1,כ״ח בתשרי ה'תשפ״ג,1,,הגלידריה של הלל,הלל,הרצלייה,178,6.6,16.4,32.5,13,9,22.6,94.9,0.2,4.9,תות,25.2
2022,10,23,1,כ״ח בתשרי ה'תשפ״ג,1,,הגלידריה של הלל,הלל,הרצלייה,178,6.6,16.4,32.5,13,9,22.6,94.9,0.2,4.9,בננה,77.7
2022,10,23,1,כ״ח בתשרי ה'תשפ״ג,1,,הגלידריה של הלל,הלל,הרצלייה,178,6.6,16.4,32.5,13,9,22.6,94.9,0.2,4.9,פיסטוק,38.6
2022,10,23,1,כ״ח בתשרי ה'תשפ״ג,1,,הגלידריה של תחיה,תחיה,תל אביב -יפו,178,6,12.9,39.3,12.5,8.8,20.5,89.8,4.8,5.4,שוקולד,98.8
2022,10,23,1,כ״ח בתשרי ה'תשפ״ג,1,,הגלידריה של תחיה,תחיה,תל אביב -יפו,178,6,12.9,39.3,12.5,8.8,20.5,89.8,4.8,5.4,וניל,24.9
2022,10,23,1,כ״ח בתשרי ה'תשפ״ג,1,,הגלידריה של תחיה,תחיה,תל אביב -יפו,178,6,12.9,39.3,12.5,8.8,20.5,89.8,4.8,5.4,תות,90.2
2022,10,23,1,כ״ח בתשרי ה'תשפ״ג,1,,הגלידריה של תחיה,תחיה,תל אביב -יפו,178,6,12.9,39.3,12.5,8.8,20.5,89.8,4.8,5.4,בננה,27.9
2022,10,23,1,כ״ח בתשרי ה'תשפ״ג,1,,הגלידריה של תחיה,תחיה,תל אביב -יפו,178,6,12.9,39.3,12.5,8.8,20.5,89.8,4.8,5.4,פיסטוק,37.7
2022,10,24,2,כ״ט בתשרי ה'תשפ״ג,1,,הגלידריה של אסתר,אסתר,אריאל,21,6.7,18.3,35.3,12.1,10.8,16.9,78.2,2.9,18.9,שוקולד,36.7
2022,10,24,2,כ״ט בתשרי ה'תשפ״ג,1,,הגלידריה של אסתר,אסתר,אריאל,21,6.7,18.3,35.3,12.1,10.8,16.9,78.2,2.9,18.9,וניל,65.3
2022,10,24,2,כ״ט בתשרי ה'תשפ״ג,1,,הגלידריה של אסתר,אסתר,אריאל,21,6.7,18.3,35.3,12.1,10.8,16.9,78.2,2.9,18.9,תות,14.6
2022,10,24,2,כ״ט בתשרי ה'תשפ״ג,1,,הגלידריה של אסתר,אסתר,אריאל,21,6.7,18.3,35.3,12.1,10.8,16.9,78.2,2.9,18.9,בננה,1.1
2022,10,24,2,כ״ט בתשרי ה'תשפ״ג,1,,הגלידריה של אסתר,אסתר,אריאל,21,6.7,18.3,35.3,12.1,10.8,16.9,78.2,2.9,18.9,פיסטוק,49
2022,10,24,2,כ״ט בתשרי ה'תשפ״ג,1,,הגלידריה של הלל,הלל,הרצלייה,178,6.6,16.4,32.5,13,9,22.6,94.9,0.2,4.9,שוקולד,79.2
2022,10,24,2,כ״ט בתשרי ה'תשפ״ג,1,,הגלידריה של הלל,הלל,הרצלייה,178,6.6,16.4,32.5,13,9,22.6,94.9,0.2,4.9,וניל,90.8
2022,10,24,2,כ״ט בתשרי ה'תשפ״ג,1,,הגלידריה של הלל,הלל,הרצלייה,178,6.6,16.4,32.5,13,9,22.6,94.9,0.2,4.9,תות,15.2
2022,10,24,2,כ״ט בתשרי ה'תשפ״ג,1,,הגלידריה של הלל,הלל,הרצלייה,178,6.6,16.4,32.5,13,9,22.6,94.9,0.2,4.9,בננה,9.2
2022,10,24,2,כ״ט בתשרי ה'תשפ״ג,1,,הגלידריה של הלל,הלל,הרצלייה,178,6.6,16.4,32.5,13,9,22.6,94.9,0.2,4.9,פיסטוק,55.5
2022,10,24,2,כ״ט בתשרי ה'תשפ״ג,1,,הגלידריה של תחיה,תחיה,תל אביב -יפו,178,6,12.9,39.3,12.5,8.8,20.5,89.8,4.8,5.4,שוקולד,74.1
2022,10,24,2,כ״ט בתשרי ה'תשפ״ג,1,,הגלידריה של תחיה,תחיה,תל אביב -יפו,178,6,12.9,39.3,12.5,8.8,20.5,89.8,4.8,5.4,וניל,56.8
2022,10,24,2,כ״ט בתשרי ה'תשפ״ג,1,,הגלידריה של תחיה,תחיה,תל אביב -יפו,178,6,12.9,39.3,12.5,8.8,20.5,89.8,4.8,5.4,תות,64.7
2022,10,24,2,כ״ט בתשרי ה'תשפ״ג,1,,הגלידריה של תחיה,תחיה,תל אביב -יפו,178,6,12.9,39.3,12.5,8.8,20.5,89.8,4.8,5.4,בננה,65.2
2022,10,24,2,כ״ט בתשרי ה'תשפ״ג,1,,הגלידריה של תחיה,תחיה,תל אביב -יפו,178,6,12.9,39.3,12.5,8.8,20.5,89.8,4.8,5.4,פיסטוק,12.9
2022,10,25,3,ל׳ בתשרי ה'תשפ״ג,1,ראש חודש חשון,הגלידריה של אסתר,אסתר,אריאל,21,6.7,18.3,35.3,12.1,10.8,16.9,78.2,2.9,18.9,שוקולד,51.8
2022,10,25,3,ל׳ בתשרי ה'תשפ״ג,1,ראש חודש חשון,הגלידריה של אסתר,אסתר,אריאל,21,6.7,18.3,35.3,12.1,10.8,16.9,78.2,2.9,18.9,וניל,72.3
2022,10,25,3,ל׳ בתשרי ה'תשפ״ג,1,ראש חודש חשון,הגלידריה של אסתר,אסתר,אריאל,21,6.7,18.3,35.3,12.1,10.8,16.9,78.2,2.9,18.9,תות,10.3
2022,10,25,3,ל׳ בתשרי ה'תשפ״ג,1,ראש חודש חשון,הגלידריה של אסתר,אסתר,אריאל,21,6.7,18.3,35.3,12.1,10.8,16.9,78.2,2.9,18.9,בננה,37.4
2022,10,25,3,ל׳ בתשרי ה'תשפ״ג,1,ראש חודש חשון,הגלידריה של אסתר,אסתר,אריאל,21,6.7,18.3,35.3,12.1,10.8,16.9,78.2,2.9,18.9,פיסטוק,57.9
2022,10,25,3,ל׳ בתשרי ה'תשפ״ג,1,ראש חודש חשון,הגלידריה של הלל,הלל,הרצלייה,178,6.6,16.4,32.5,13,9,22.6,94.9,0.2,4.9,שוקולד,54
2022,10,25,3,ל׳ בתשרי ה'תשפ״ג,1,ראש חודש חשון,הגלידריה של הלל,הלל,הרצלייה,178,6.6,16.4,32.5,13,9,22.6,94.9,0.2,4.9,וניל,2.7
2022,10,25,3,ל׳ בתשרי ה'תשפ״ג,1,ראש חודש חשון,הגלידריה של הלל,הלל,הרצלייה,178,6.6,16.4,32.5,13,9,22.6,94.9,0.2,4.9,תות,71.1
2022,10,25,3,ל׳ בתשרי ה'תשפ״ג,1,ראש חודש חשון,הגלידריה של הלל,הלל,הרצלייה,178,6.6,16.4,32.5,13,9,22.6,94.9,0.2,4.9,בננה,88.7
2022,10,25,3,ל׳ בתשרי ה'תשפ״ג,1,ראש חודש חשון,הגלידריה של הלל,הלל,הרצלייה,178,6.6,16.4,32.5,13,9,22.6,94.9,0.2,4.9,פיסטוק,42.9
2022,10,25,3,ל׳ בתשרי ה'תשפ״ג,1,ראש חודש חשון,הגלידריה של תחיה,תחיה,תל אביב -יפו,178,6,12.9,39.3,12.5,8.8,20.5,89.8,4.8,5.4,שוקולד,77.9
2022,10,25,3,ל׳ בתשרי ה'תשפ״ג,1,ראש חודש חשון,הגלידריה של תחיה,תחיה,תל אביב -יפו,178,6,12.9,39.3,12.5,8.8,20.5,89.8,4.8,5.4,וניל,64.4
2022,10,25,3,ל׳ בתשרי ה'תשפ״ג,1,ראש חודש חשון,הגלידריה של תחיה,תחיה,תל אביב -יפו,178,6,12.9,39.3,12.5,8.8,20.5,89.8,4.8,5.4,תות,42.2
2022,10,25,3,ל׳ בתשרי ה'תשפ״ג,1,ראש חודש חשון,הגלידריה של תחיה,תחיה,תל אביב -יפו,178,6,12.9,39.3,12.5,8.8,20.5,89.8,4.8,5.4,בננה,42.3
2022,10,25,3,ל׳ בתשרי ה'תשפ״ג,1,ראש חודש חשון,הגלידריה של תחיה,תחיה,תל אביב -יפו,178,6,12.9,39.3,12.5,8.8,20.5,89.8,4.8,5.4,פיסטוק,8.5